asid,llid,mode,fix,satused,pdop,hdop,vdop,s1,s2,s3,s4,s5,s6,s7,s8,s9,s10,s11,s12
0,0,A,1,0,99.99,99.99,99.99,,,,,,,,,,,,
1,0,A,1,0,99.99,99.99,99.99,,,,,,,,,,,,
2,0,A,1,0,99.99,99.99,99.99,,,,,,,,,,,,
3,0,A,1,0,99.99,99.99,99.99,,,,,,,,,,,,
4,0,A,1,0,99.99,99.99,99.99,,,,,,,,,,,,
5,0,A,1,0,99.99,99.99,99.99,,,,,,,,,,,,
6,0,A,1,0,99.99,99.99,99.99,,,,,,,,,,,,
7,0,A,1,0,99.99,99.99,99.99,,,,,,,,,,,,
8,0,A,1,0,99.99,99.99,99.99,,,,,,,,,,,,
9,0,A,1,0,99.99,99.99,99.99,,,,,,,,,,,,
10,0,A,1,0,99.99,99.99,99.99,,,,,,,,,,,,
11,0,A,1,0,99.99,99.99,99.99,,,,,,,,,,,,
12,0,A,1,0,99.99,99.99,99.99,,,,,,,,,,,,
13,0,A,1,0,99.99,99.99,99.99,,,,,,,,,,,,
14,0,A,1,0,99.99,99.99,99.99,,,,,,,,,,,,
15,0,A,1,0,99.99,99.99,99.99,,,,,,,,,,,,
16,0,A,1,0,99.99,99.99,99.99,,,,,,,,,,,,
17,0,A,1,0,99.99,99.99,99.99,,,,,,,,,,,,
18,0,A,1,0,99.99,99.99,99.99,,,,,,,,,,,,
19,0,A,1,0,99.99,99.99,99.99,,,,,,,,,,,,
20,0,A,1,0,99.99,99.99,99.99,,,,,,,,,,,,
21,0,A,1,0,99.99,99.99,99.99,,,,,,,,,,,,
22,0,A,1,0,99.99,99.99,99.99,,,,,,,,,,,,
23,0,A,1,0,99.99,99.99,99.99,,,,,,,,,,,,
24,0,A,1,0,99.99,99.99,99.99,,,,,,,,,,,,
25,0,A,1,0,99.99,99.99,99.99,,,,,,,,,,,,
26,0,A,1,0,99.99,99.99,99.99,,,,,,,,,,,,
27,0,A,1,0,99.99,99.99,99.99,,,,,,,,,,,,
28,0,A,1,0,99.99,99.99,99.99,,,,,,,,,,,,
29,0,A,1,0,99.99,99.99,99.99,,,,,,,,,,,,
30,0,A,1,0,99.99,99.99,99.99,,,,,,,,,,,,
31,0,A,1,0,99.99,99.99,99.99,,,,,,,,,,,,
32,0,A,1,0,99.99,99.99,99.99,,,,,,,,,,,,
33,0,A,1,0,99.99,99.99,99.99,,,,,,,,,,,,
34,0,A,1,0,99.99,99.99,99.99,,,,,,,,,,,,
35,0,A,1,0,99.99,99.99,99.99,,,,,,,,,,,,
36,0,A,1,0,99.99,99.99,99.99,,,,,,,,,,,,
37,0,A,1,0,99.99,99.99,99.99,,,,,,,,,,,,
38,0,A,1,0,99.99,99.99,99.99,,,,,,,,,,,,
39,0,A,1,0,99.99,99.99,99.99,,,,,,,,,,,,
40,0,A,1,0,99.99,99.99,99.99,,,,,,,,,,,,
41,0,A,1,0,99.99,99.99,99.99,,,,,,,,,,,,
42,0,A,1,0,99.99,99.99,99.99,,,,,,,,,,,,
43,0,A,1,0,99.99,99.99,99.99,,,,,,,,,,,,
44,0,A,1,0,99.99,99.99,99.99,,,,,,,,,,,,
45,0,A,1,0,99.99,99.99,99.99,,,,,,,,,,,,
46,0,A,1,0,99.99,99.99,99.99,,,,,,,,,,,,
47,0,A,1,0,99.99,99.99,99.99,,,,,,,,,,,,
48,0,A,1,0,99.99,99.99,99.99,,,,,,,,,,,,
49,0,A,1,0,99.99,99.99,99.99,,,,,,,,,,,,
50,0,A,1,0,99.99,99.99,99.99,,,,,,,,,,,,
51,0,A,1,0,99.99,99.99,99.99,,,,,,,,,,,,
52,0,A,1,0,99.99,99.99,99.99,,,,,,,,,,,,
53,0,A,1,0,99.99,99.99,99.99,,,,,,,,,,,,
54,0,A,1,0,99.99,99.99,99.99,,,,,,,,,,,,
55,0,A,1,0,99.99,99.99,99.99,,,,,,,,,,,,
56,0,A,1,0,99.99,99.99,99.99,,,,,,,,,,,,
57,0,A,1,0,99.99,99.99,99.99,,,,,,,,,,,,
58,0,A,1,0,99.99,99.99,99.99,,,,,,,,,,,,
59,0,A,1,0,99.99,99.99,99.99,,,,,,,,,,,,
60,0,A,1,0,99.99,99.99,99.99,,,,,,,,,,,,
61,0,A,1,0,99.99,99.99,99.99,,,,,,,,,,,,
62,0,A,1,0,99.99,99.99,99.99,,,,,,,,,,,,
63,0,A,1,0,99.99,99.99,99.99,,,,,,,,,,,,
64,0,A,1,0,99.99,99.99,99.99,,,,,,,,,,,,
65,0,A,1,0,99.99,99.99,99.99,,,,,,,,,,,,
66,0,A,1,0,99.99,99.99,99.99,,,,,,,,,,,,
67,0,A,1,0,99.99,99.99,99.99,,,,,,,,,,,,
68,0,A,1,0,99.99,99.99,99.99,,,,,,,,,,,,
69,0,A,1,0,99.99,99.99,99.99,,,,,,,,,,,,
70,0,A,1,0,99.99,99.99,99.99,,,,,,,,,,,,
71,0,A,1,0,99.99,99.99,99.99,,,,,,,,,,,,
72,0,A,1,0,99.99,99.99,99.99,,,,,,,,,,,,
73,0,A,1,0,99.99,99.99,99.99,,,,,,,,,,,,
74,0,A,1,0,99.99,99.99,99.99,,,,,,,,,,,,
75,0,A,1,0,99.99,99.99,99.99,,,,,,,,,,,,
76,0,A,1,0,99.99,99.99,99.99,,,,,,,,,,,,
77,0,A,1,0,99.99,99.99,99.99,,,,,,,,,,,,
78,0,A,1,0,99.99,99.99,99.99,,,,,,,,,,,,
79,0,A,1,0,99.99,99.99,99.99,,,,,,,,,,,,
80,0,A,1,0,99.99,99.99,99.99,,,,,,,,,,,,
81,0,A,1,0,99.99,99.99,99.99,,,,,,,,,,,,
82,0,A,1,0,99.99,99.99,99.99,,,,,,,,,,,,
83,0,A,1,0,99.99,99.99,99.99,,,,,,,,,,,,
84,0,A,1,0,99.99,99.99,99.99,,,,,,,,,,,,
85,0,A,1,0,99.99,99.99,99.99,,,,,,,,,,,,
86,0,A,1,0,99.99,99.99,99.99,,,,,,,,,,,,
87,0,A,1,0,99.99,99.99,99.99,,,,,,,,,,,,
88,0,A,1,0,99.99,99.99,99.99,,,,,,,,,,,,
89,0,A,1,0,99.99,99.99,99.99,,,,,,,,,,,,
90,0,A,1,0,99.99,99.99,99.99,,,,,,,,,,,,
91,0,A,1,0,99.99,99.99,99.99,,,,,,,,,,,,
92,0,A,1,0,99.99,99.99,99.99,,,,,,,,,,,,
93,0,A,1,0,99.99,99.99,99.99,,,,,,,,,,,,
94,0,A,1,0,99.99,99.99,99.99,,,,,,,,,,,,
95,0,A,1,0,99.99,99.99,99.99,,,,,,,,,,,,
96,0,A,1,0,99.99,99.99,99.99,,,,,,,,,,,,
97,0,A,1,0,99.99,99.99,99.99,,,,,,,,,,,,
98,0,A,1,0,99.99,99.99,99.99,,,,,,,,,,,,
99,0,A,1,0,99.99,99.99,99.99,,,,,,,,,,,,
100,0,A,1,0,99.99,99.99,99.99,,,,,,,,,,,,
101,0,A,1,0,99.99,99.99,99.99,,,,,,,,,,,,
102,0,A,1,0,99.99,99.99,99.99,,,,,,,,,,,,
103,0,A,1,0,99.99,99.99,99.99,,,,,,,,,,,,
104,0,A,1,0,99.99,99.99,99.99,,,,,,,,,,,,
105,0,A,1,0,99.99,99.99,99.99,,,,,,,,,,,,
106,0,A,1,0,99.99,99.99,99.99,,,,,,,,,,,,
107,0,A,1,0,99.99,99.99,99.99,,,,,,,,,,,,
108,0,A,1,0,99.99,99.99,99.99,,,,,,,,,,,,
109,0,A,1,0,99.99,99.99,99.99,,,,,,,,,,,,
110,0,A,1,0,99.99,99.99,99.99,,,,,,,,,,,,
111,0,A,1,0,99.99,99.99,99.99,,,,,,,,,,,,
112,0,A,1,0,99.99,99.99,99.99,,,,,,,,,,,,
113,0,A,1,0,99.99,99.99,99.99,,,,,,,,,,,,
114,0,A,1,0,99.99,99.99,99.99,,,,,,,,,,,,
115,0,A,1,0,99.99,99.99,99.99,,,,,,,,,,,,
116,0,A,1,0,99.99,99.99,99.99,,,,,,,,,,,,
117,0,A,1,0,99.99,99.99,99.99,,,,,,,,,,,,
118,0,A,1,0,99.99,99.99,99.99,,,,,,,,,,,,
119,0,A,1,0,99.99,99.99,99.99,,,,,,,,,,,,
120,0,A,1,0,99.99,99.99,99.99,,,,,,,,,,,,
121,0,A,1,0,99.99,99.99,99.99,,,,,,,,,,,,
122,0,A,1,0,99.99,99.99,99.99,,,,,,,,,,,,
123,0,A,1,0,99.99,99.99,99.99,,,,,,,,,,,,
124,0,A,1,0,99.99,99.99,99.99,,,,,,,,,,,,
125,0,A,1,0,99.99,99.99,99.99,,,,,,,,,,,,
126,0,A,1,0,99.99,99.99,99.99,,,,,,,,,,,,
127,0,A,1,0,99.99,99.99,99.99,,,,,,,,,,,,
128,0,A,1,0,99.99,99.99,99.99,,,,,,,,,,,,
129,0,A,1,0,99.99,99.99,99.99,,,,,,,,,,,,
130,0,A,1,0,99.99,99.99,99.99,,,,,,,,,,,,
131,0,A,1,0,99.99,99.99,99.99,,,,,,,,,,,,
132,0,A,1,0,99.99,99.99,99.99,,,,,,,,,,,,
133,0,A,1,0,99.99,99.99,99.99,,,,,,,,,,,,
134,0,A,1,0,99.99,99.99,99.99,,,,,,,,,,,,
135,0,A,1,0,99.99,99.99,99.99,,,,,,,,,,,,
136,0,A,1,0,99.99,99.99,99.99,,,,,,,,,,,,
137,0,A,1,0,99.99,99.99,99.99,,,,,,,,,,,,
138,0,A,1,0,99.99,99.99,99.99,,,,,,,,,,,,
139,0,A,1,0,99.99,99.99,99.99,,,,,,,,,,,,
140,0,A,1,0,99.99,99.99,99.99,,,,,,,,,,,,
141,0,A,1,0,99.99,99.99,99.99,,,,,,,,,,,,
142,0,A,1,0,99.99,99.99,99.99,,,,,,,,,,,,
143,0,A,1,0,99.99,99.99,99.99,,,,,,,,,,,,
144,0,A,1,0,99.99,99.99,99.99,,,,,,,,,,,,
145,0,A,1,0,99.99,99.99,99.99,,,,,,,,,,,,
146,0,A,1,0,99.99,99.99,99.99,,,,,,,,,,,,
147,0,A,1,0,99.99,99.99,99.99,,,,,,,,,,,,
148,0,A,1,0,99.99,99.99,99.99,,,,,,,,,,,,
149,0,A,1,0,99.99,99.99,99.99,,,,,,,,,,,,
150,0,A,1,0,99.99,99.99,99.99,,,,,,,,,,,,
151,0,A,1,0,99.99,99.99,99.99,,,,,,,,,,,,
152,0,A,1,0,99.99,99.99,99.99,,,,,,,,,,,,
153,0,A,1,0,99.99,99.99,99.99,,,,,,,,,,,,
154,0,A,1,0,99.99,99.99,99.99,,,,,,,,,,,,
155,0,A,1,0,99.99,99.99,99.99,,,,,,,,,,,,
156,0,A,1,0,99.99,99.99,99.99,,,,,,,,,,,,
157,0,A,1,0,99.99,99.99,99.99,,,,,,,,,,,,
158,0,A,1,0,99.99,99.99,99.99,,,,,,,,,,,,
159,0,A,1,0,99.99,99.99,99.99,,,,,,,,,,,,
160,0,A,1,0,99.99,99.99,99.99,,,,,,,,,,,,
161,0,A,1,0,99.99,99.99,99.99,,,,,,,,,,,,
162,0,A,1,0,99.99,99.99,99.99,,,,,,,,,,,,
163,0,A,1,0,99.99,99.99,99.99,,,,,,,,,,,,
164,0,A,1,0,99.99,99.99,99.99,,,,,,,,,,,,
165,0,A,1,0,99.99,99.99,99.99,,,,,,,,,,,,
166,0,A,1,0,99.99,99.99,99.99,,,,,,,,,,,,
167,0,A,1,0,99.99,99.99,99.99,,,,,,,,,,,,
168,0,A,1,0,99.99,99.99,99.99,,,,,,,,,,,,
169,0,A,1,0,99.99,99.99,99.99,,,,,,,,,,,,
170,0,A,1,0,99.99,99.99,99.99,,,,,,,,,,,,
171,0,A,1,0,99.99,99.99,99.99,,,,,,,,,,,,
172,0,A,1,0,99.99,99.99,99.99,,,,,,,,,,,,
173,0,A,1,0,99.99,99.99,99.99,,,,,,,,,,,,
174,0,A,1,0,99.99,99.99,99.99,,,,,,,,,,,,
175,0,A,1,0,99.99,99.99,99.99,,,,,,,,,,,,
176,0,A,1,0,99.99,99.99,99.99,,,,,,,,,,,,
177,0,A,1,0,99.99,99.99,99.99,,,,,,,,,,,,
178,0,A,1,0,99.99,99.99,99.99,,,,,,,,,,,,
179,0,A,1,0,99.99,99.99,99.99,,,,,,,,,,,,
180,0,A,1,0,99.99,99.99,99.99,,,,,,,,,,,,
181,0,A,1,0,99.99,99.99,99.99,,,,,,,,,,,,
182,0,A,1,0,99.99,99.99,99.99,,,,,,,,,,,,
183,0,A,1,0,99.99,99.99,99.99,,,,,,,,,,,,
184,0,A,1,0,99.99,99.99,99.99,,,,,,,,,,,,
185,0,A,1,0,99.99,99.99,99.99,,,,,,,,,,,,
186,0,A,1,0,99.99,99.99,99.99,,,,,,,,,,,,
187,0,A,1,0,99.99,99.99,99.99,,,,,,,,,,,,
188,0,A,1,0,99.99,99.99,99.99,,,,,,,,,,,,
189,0,A,1,0,99.99,99.99,99.99,,,,,,,,,,,,
190,0,A,1,0,99.99,99.99,99.99,,,,,,,,,,,,
191,0,A,1,0,99.99,99.99,99.99,,,,,,,,,,,,
192,0,A,1,0,99.99,99.99,99.99,,,,,,,,,,,,
193,0,A,1,0,99.99,99.99,99.99,,,,,,,,,,,,
194,0,A,1,0,99.99,99.99,99.99,,,,,,,,,,,,
195,0,A,1,0,99.99,99.99,99.99,,,,,,,,,,,,
196,0,A,1,0,99.99,99.99,99.99,,,,,,,,,,,,
197,0,A,1,0,99.99,99.99,99.99,,,,,,,,,,,,
198,0,A,1,0,99.99,99.99,99.99,,,,,,,,,,,,
199,0,A,1,0,99.99,99.99,99.99,,,,,,,,,,,,
200,0,A,1,0,99.99,99.99,99.99,,,,,,,,,,,,
201,0,A,1,0,99.99,99.99,99.99,,,,,,,,,,,,
202,0,A,1,0,99.99,99.99,99.99,,,,,,,,,,,,
203,0,A,1,0,99.99,99.99,99.99,,,,,,,,,,,,
204,0,A,1,0,99.99,99.99,99.99,,,,,,,,,,,,
205,0,A,1,0,99.99,99.99,99.99,,,,,,,,,,,,
206,0,A,1,0,99.99,99.99,99.99,,,,,,,,,,,,
207,0,A,1,0,99.99,99.99,99.99,,,,,,,,,,,,
208,0,A,1,0,99.99,99.99,99.99,,,,,,,,,,,,
209,0,A,1,0,99.99,99.99,99.99,,,,,,,,,,,,
210,0,A,1,0,99.99,99.99,99.99,,,,,,,,,,,,
211,0,A,1,0,99.99,99.99,99.99,,,,,,,,,,,,
212,0,A,1,0,99.99,99.99,99.99,,,,,,,,,,,,
213,0,A,1,0,99.99,99.99,99.99,,,,,,,,,,,,
214,0,A,1,0,99.99,99.99,99.99,,,,,,,,,,,,
215,0,A,1,0,99.99,99.99,99.99,,,,,,,,,,,,
216,0,A,1,0,99.99,99.99,99.99,,,,,,,,,,,,
217,0,A,1,0,99.99,99.99,99.99,,,,,,,,,,,,
218,0,A,1,0,99.99,99.99,99.99,,,,,,,,,,,,
219,0,A,1,0,99.99,99.99,99.99,,,,,,,,,,,,
220,0,A,1,0,99.99,99.99,99.99,,,,,,,,,,,,
221,0,A,1,0,99.99,99.99,99.99,,,,,,,,,,,,
222,0,A,1,0,99.99,99.99,99.99,,,,,,,,,,,,
223,0,A,1,0,99.99,99.99,99.99,,,,,,,,,,,,
224,0,A,1,0,99.99,99.99,99.99,,,,,,,,,,,,
225,0,A,1,0,99.99,99.99,99.99,,,,,,,,,,,,
226,0,A,1,0,99.99,99.99,99.99,,,,,,,,,,,,
227,0,A,1,0,99.99,99.99,99.99,,,,,,,,,,,,
228,0,A,1,0,99.99,99.99,99.99,,,,,,,,,,,,
229,0,A,1,0,99.99,99.99,99.99,,,,,,,,,,,,
230,0,A,1,0,99.99,99.99,99.99,,,,,,,,,,,,
231,0,A,1,0,99.99,99.99,99.99,,,,,,,,,,,,
232,0,A,1,0,99.99,99.99,99.99,,,,,,,,,,,,
233,0,A,1,0,99.99,99.99,99.99,,,,,,,,,,,,
234,0,A,1,0,99.99,99.99,99.99,,,,,,,,,,,,
235,0,A,1,0,99.99,99.99,99.99,,,,,,,,,,,,
236,0,A,1,0,99.99,99.99,99.99,,,,,,,,,,,,
237,0,A,1,0,99.99,99.99,99.99,,,,,,,,,,,,
238,0,A,1,0,99.99,99.99,99.99,,,,,,,,,,,,
239,0,A,1,0,99.99,99.99,99.99,,,,,,,,,,,,
240,0,A,1,0,99.99,99.99,99.99,,,,,,,,,,,,
241,0,A,1,0,99.99,99.99,99.99,,,,,,,,,,,,
242,0,A,1,0,99.99,99.99,99.99,,,,,,,,,,,,
243,0,A,1,0,99.99,99.99,99.99,,,,,,,,,,,,
244,0,A,1,0,99.99,99.99,99.99,,,,,,,,,,,,
245,0,A,1,0,99.99,99.99,99.99,,,,,,,,,,,,
246,0,A,1,0,99.99,99.99,99.99,,,,,,,,,,,,
247,0,A,1,0,99.99,99.99,99.99,,,,,,,,,,,,
248,0,A,1,0,99.99,99.99,99.99,,,,,,,,,,,,
249,0,A,1,0,99.99,99.99,99.99,,,,,,,,,,,,
250,0,A,1,0,99.99,99.99,99.99,,,,,,,,,,,,
251,0,A,1,0,99.99,99.99,99.99,,,,,,,,,,,,
252,0,A,1,0,99.99,99.99,99.99,,,,,,,,,,,,
253,0,A,1,0,99.99,99.99,99.99,,,,,,,,,,,,
254,0,A,1,0,99.99,99.99,99.99,,,,,,,,,,,,
255,0,A,1,0,99.99,99.99,99.99,,,,,,,,,,,,
256,0,A,1,0,99.99,99.99,99.99,,,,,,,,,,,,
257,0,A,1,0,99.99,99.99,99.99,,,,,,,,,,,,
258,0,A,1,0,99.99,99.99,99.99,,,,,,,,,,,,
259,0,A,1,0,99.99,99.99,99.99,,,,,,,,,,,,
260,0,A,1,0,99.99,99.99,99.99,,,,,,,,,,,,
261,0,A,1,0,99.99,99.99,99.99,,,,,,,,,,,,
262,0,A,1,0,99.99,99.99,99.99,,,,,,,,,,,,
263,0,A,1,0,99.99,99.99,99.99,,,,,,,,,,,,
264,0,A,1,0,99.99,99.99,99.99,,,,,,,,,,,,
265,0,A,1,0,99.99,99.99,99.99,,,,,,,,,,,,
266,0,A,1,0,99.99,99.99,99.99,,,,,,,,,,,,
267,0,A,1,0,99.99,99.99,99.99,,,,,,,,,,,,
268,0,A,1,0,99.99,99.99,99.99,,,,,,,,,,,,
269,0,A,1,0,99.99,99.99,99.99,,,,,,,,,,,,
270,0,A,1,0,99.99,99.99,99.99,,,,,,,,,,,,
271,0,A,1,0,99.99,99.99,99.99,,,,,,,,,,,,
272,0,A,1,0,99.99,99.99,99.99,,,,,,,,,,,,
273,0,A,1,0,99.99,99.99,99.99,,,,,,,,,,,,
274,0,A,1,0,99.99,99.99,99.99,,,,,,,,,,,,
275,0,A,1,0,99.99,99.99,99.99,,,,,,,,,,,,
276,0,A,1,0,99.99,99.99,99.99,,,,,,,,,,,,
277,0,A,1,0,99.99,99.99,99.99,,,,,,,,,,,,
278,0,A,1,0,99.99,99.99,99.99,,,,,,,,,,,,
279,0,A,1,0,99.99,99.99,99.99,,,,,,,,,,,,
280,0,A,1,0,99.99,99.99,99.99,,,,,,,,,,,,
281,0,A,1,0,99.99,99.99,99.99,,,,,,,,,,,,
282,0,A,1,0,99.99,99.99,99.99,,,,,,,,,,,,
283,0,A,1,0,99.99,99.99,99.99,,,,,,,,,,,,
284,0,A,1,0,99.99,99.99,99.99,,,,,,,,,,,,
285,0,A,1,0,99.99,99.99,99.99,,,,,,,,,,,,
286,0,A,1,0,99.99,99.99,99.99,,,,,,,,,,,,
287,0,A,1,0,99.99,99.99,99.99,,,,,,,,,,,,
288,0,A,1,0,99.99,99.99,99.99,,,,,,,,,,,,
289,0,A,1,0,99.99,99.99,99.99,,,,,,,,,,,,
290,0,A,1,0,99.99,99.99,99.99,,,,,,,,,,,,
291,0,A,1,0,99.99,99.99,99.99,,,,,,,,,,,,
292,0,A,1,0,99.99,99.99,99.99,,,,,,,,,,,,
293,0,A,1,0,99.99,99.99,99.99,,,,,,,,,,,,
294,0,A,1,0,99.99,99.99,99.99,,,,,,,,,,,,
295,0,A,1,0,99.99,99.99,99.99,,,,,,,,,,,,
296,0,A,1,0,99.99,99.99,99.99,,,,,,,,,,,,
297,0,A,1,0,99.99,99.99,99.99,,,,,,,,,,,,
298,0,A,1,0,99.99,99.99,99.99,,,,,,,,,,,,
299,0,A,1,0,99.99,99.99,99.99,,,,,,,,,,,,
300,0,A,1,0,99.99,99.99,99.99,,,,,,,,,,,,
301,0,A,1,0,99.99,99.99,99.99,,,,,,,,,,,,
302,0,A,1,0,99.99,99.99,99.99,,,,,,,,,,,,
303,0,A,1,0,99.99,99.99,99.99,,,,,,,,,,,,
304,0,A,1,0,99.99,99.99,99.99,,,,,,,,,,,,
305,0,A,1,0,99.99,99.99,99.99,,,,,,,,,,,,
306,0,A,1,0,99.99,99.99,99.99,,,,,,,,,,,,
307,0,A,1,0,99.99,99.99,99.99,,,,,,,,,,,,
308,0,A,1,0,99.99,99.99,99.99,,,,,,,,,,,,
309,0,A,1,0,99.99,99.99,99.99,,,,,,,,,,,,
310,0,A,1,0,99.99,99.99,99.99,,,,,,,,,,,,
311,0,A,1,0,99.99,99.99,99.99,,,,,,,,,,,,
312,0,A,1,0,99.99,99.99,99.99,,,,,,,,,,,,
313,0,A,1,0,99.99,99.99,99.99,,,,,,,,,,,,
314,0,A,1,0,99.99,99.99,99.99,,,,,,,,,,,,
315,0,A,1,0,99.99,99.99,99.99,,,,,,,,,,,,
316,0,A,1,0,99.99,99.99,99.99,,,,,,,,,,,,
317,0,A,1,0,99.99,99.99,99.99,,,,,,,,,,,,
318,0,A,1,0,99.99,99.99,99.99,,,,,,,,,,,,
319,0,A,1,0,99.99,99.99,99.99,,,,,,,,,,,,
320,0,A,1,0,99.99,99.99,99.99,,,,,,,,,,,,
321,0,A,1,0,99.99,99.99,99.99,,,,,,,,,,,,
322,0,A,1,0,99.99,99.99,99.99,,,,,,,,,,,,
323,0,A,1,0,99.99,99.99,99.99,,,,,,,,,,,,
324,0,A,1,0,99.99,99.99,99.99,,,,,,,,,,,,
325,0,A,1,0,99.99,99.99,99.99,,,,,,,,,,,,
326,0,A,1,0,99.99,99.99,99.99,,,,,,,,,,,,
327,0,A,1,0,99.99,99.99,99.99,,,,,,,,,,,,
328,0,A,1,0,99.99,99.99,99.99,,,,,,,,,,,,
329,0,A,1,0,99.99,99.99,99.99,,,,,,,,,,,,
330,0,A,1,0,99.99,99.99,99.99,,,,,,,,,,,,
331,0,A,1,0,99.99,99.99,99.99,,,,,,,,,,,,
332,0,A,1,0,99.99,99.99,99.99,,,,,,,,,,,,
333,0,A,1,0,99.99,99.99,99.99,,,,,,,,,,,,
334,0,A,1,0,99.99,99.99,99.99,,,,,,,,,,,,
335,0,A,1,0,99.99,99.99,99.99,,,,,,,,,,,,
336,0,A,1,0,99.99,99.99,99.99,,,,,,,,,,,,
337,0,A,1,0,99.99,99.99,99.99,,,,,,,,,,,,
338,0,A,1,0,99.99,99.99,99.99,,,,,,,,,,,,
339,0,A,1,0,99.99,99.99,99.99,,,,,,,,,,,,
340,0,A,1,0,99.99,99.99,99.99,,,,,,,,,,,,
341,0,A,1,0,99.99,99.99,99.99,,,,,,,,,,,,
342,0,A,1,0,99.99,99.99,99.99,,,,,,,,,,,,
343,0,A,1,0,99.99,99.99,99.99,,,,,,,,,,,,
344,0,A,1,0,99.99,99.99,99.99,,,,,,,,,,,,
345,0,A,1,0,99.99,99.99,99.99,,,,,,,,,,,,
346,0,A,1,0,99.99,99.99,99.99,,,,,,,,,,,,
347,0,A,1,0,99.99,99.99,99.99,,,,,,,,,,,,
348,0,A,1,0,99.99,99.99,99.99,,,,,,,,,,,,
349,0,A,1,0,99.99,99.99,99.99,,,,,,,,,,,,
350,0,A,1,0,99.99,99.99,99.99,,,,,,,,,,,,
351,0,A,1,0,99.99,99.99,99.99,,,,,,,,,,,,
352,0,A,1,0,99.99,99.99,99.99,,,,,,,,,,,,
353,0,A,1,0,99.99,99.99,99.99,,,,,,,,,,,,
354,0,A,1,0,99.99,99.99,99.99,,,,,,,,,,,,
355,0,A,1,0,99.99,99.99,99.99,,,,,,,,,,,,
356,0,A,1,0,99.99,99.99,99.99,,,,,,,,,,,,
357,0,A,1,0,99.99,99.99,99.99,,,,,,,,,,,,
358,0,A,1,0,99.99,99.99,99.99,,,,,,,,,,,,
359,0,A,1,0,99.99,99.99,99.99,,,,,,,,,,,,
360,0,A,1,0,99.99,99.99,99.99,,,,,,,,,,,,
361,0,A,1,0,99.99,99.99,99.99,,,,,,,,,,,,
362,0,A,1,0,99.99,99.99,99.99,,,,,,,,,,,,
363,0,A,1,0,99.99,99.99,99.99,,,,,,,,,,,,
364,0,A,1,0,99.99,99.99,99.99,,,,,,,,,,,,
365,0,A,1,0,99.99,99.99,99.99,,,,,,,,,,,,
366,0,A,1,0,99.99,99.99,99.99,,,,,,,,,,,,
367,0,A,1,0,99.99,99.99,99.99,,,,,,,,,,,,
368,0,A,1,0,99.99,99.99,99.99,,,,,,,,,,,,
369,0,A,1,0,99.99,99.99,99.99,,,,,,,,,,,,
370,0,A,1,0,99.99,99.99,99.99,,,,,,,,,,,,
371,0,A,1,0,99.99,99.99,99.99,,,,,,,,,,,,
372,0,A,1,0,99.99,99.99,99.99,,,,,,,,,,,,
373,0,A,1,0,99.99,99.99,99.99,,,,,,,,,,,,
374,0,A,1,0,99.99,99.99,99.99,,,,,,,,,,,,
375,0,A,1,0,99.99,99.99,99.99,,,,,,,,,,,,
376,0,A,1,0,99.99,99.99,99.99,,,,,,,,,,,,
377,0,A,1,0,99.99,99.99,99.99,,,,,,,,,,,,
378,0,A,1,0,99.99,99.99,99.99,,,,,,,,,,,,
379,0,A,1,0,99.99,99.99,99.99,,,,,,,,,,,,
380,0,A,1,0,99.99,99.99,99.99,,,,,,,,,,,,
381,0,A,1,0,99.99,99.99,99.99,,,,,,,,,,,,
382,0,A,1,0,99.99,99.99,99.99,,,,,,,,,,,,
383,0,A,1,0,99.99,99.99,99.99,,,,,,,,,,,,
384,0,A,1,0,99.99,99.99,99.99,,,,,,,,,,,,
385,0,A,1,0,99.99,99.99,99.99,,,,,,,,,,,,
386,0,A,1,0,99.99,99.99,99.99,,,,,,,,,,,,
387,0,A,1,0,99.99,99.99,99.99,,,,,,,,,,,,
388,0,A,1,0,99.99,99.99,99.99,,,,,,,,,,,,
389,0,A,1,0,99.99,99.99,99.99,,,,,,,,,,,,
390,0,A,1,0,99.99,99.99,99.99,,,,,,,,,,,,
391,0,A,1,0,99.99,99.99,99.99,,,,,,,,,,,,
392,0,A,1,0,99.99,99.99,99.99,,,,,,,,,,,,
393,0,A,1,0,99.99,99.99,99.99,,,,,,,,,,,,
394,0,A,1,0,99.99,99.99,99.99,,,,,,,,,,,,
395,0,A,1,0,99.99,99.99,99.99,,,,,,,,,,,,
396,0,A,1,0,99.99,99.99,99.99,,,,,,,,,,,,
397,0,A,1,0,99.99,99.99,99.99,,,,,,,,,,,,
398,0,A,1,0,99.99,99.99,99.99,,,,,,,,,,,,
399,0,A,1,0,99.99,99.99,99.99,,,,,,,,,,,,
400,0,A,1,0,99.99,99.99,99.99,,,,,,,,,,,,
401,0,A,1,0,99.99,99.99,99.99,,,,,,,,,,,,
402,0,A,1,0,99.99,99.99,99.99,,,,,,,,,,,,
403,0,A,1,0,99.99,99.99,99.99,,,,,,,,,,,,
404,0,A,1,0,99.99,99.99,99.99,,,,,,,,,,,,
405,0,A,1,0,99.99,99.99,99.99,,,,,,,,,,,,
406,0,A,1,0,99.99,99.99,99.99,,,,,,,,,,,,
407,0,A,1,0,99.99,99.99,99.99,,,,,,,,,,,,
408,0,A,1,0,99.99,99.99,99.99,,,,,,,,,,,,
409,0,A,1,0,99.99,99.99,99.99,,,,,,,,,,,,
410,0,A,1,0,99.99,99.99,99.99,,,,,,,,,,,,
411,0,A,1,0,99.99,99.99,99.99,,,,,,,,,,,,
412,0,A,1,0,99.99,99.99,99.99,,,,,,,,,,,,
413,0,A,1,0,99.99,99.99,99.99,,,,,,,,,,,,
414,0,A,1,0,99.99,99.99,99.99,,,,,,,,,,,,
415,0,A,1,0,99.99,99.99,99.99,,,,,,,,,,,,
416,0,A,1,0,99.99,99.99,99.99,,,,,,,,,,,,
417,0,A,1,0,99.99,99.99,99.99,,,,,,,,,,,,
418,0,A,1,0,99.99,99.99,99.99,,,,,,,,,,,,
419,0,A,1,0,99.99,99.99,99.99,,,,,,,,,,,,
420,0,A,1,0,99.99,99.99,99.99,,,,,,,,,,,,
421,0,A,1,0,99.99,99.99,99.99,,,,,,,,,,,,
422,0,A,1,0,99.99,99.99,99.99,,,,,,,,,,,,
423,0,A,1,0,99.99,99.99,99.99,,,,,,,,,,,,
424,0,A,1,0,99.99,99.99,99.99,,,,,,,,,,,,
425,0,A,1,0,99.99,99.99,99.99,,,,,,,,,,,,
426,0,A,1,0,99.99,99.99,99.99,,,,,,,,,,,,
427,0,A,1,0,99.99,99.99,99.99,,,,,,,,,,,,
428,0,A,1,0,99.99,99.99,99.99,,,,,,,,,,,,
429,0,A,1,0,99.99,99.99,99.99,,,,,,,,,,,,
430,0,A,1,0,99.99,99.99,99.99,,,,,,,,,,,,
431,0,A,1,0,99.99,99.99,99.99,,,,,,,,,,,,
432,0,A,1,0,99.99,99.99,99.99,,,,,,,,,,,,
433,0,A,1,0,99.99,99.99,99.99,,,,,,,,,,,,
434,0,A,1,0,99.99,99.99,99.99,,,,,,,,,,,,
435,0,A,1,0,99.99,99.99,99.99,,,,,,,,,,,,
436,0,A,1,0,99.99,99.99,99.99,,,,,,,,,,,,
437,0,A,1,0,99.99,99.99,99.99,,,,,,,,,,,,
438,0,A,1,0,99.99,99.99,99.99,,,,,,,,,,,,
439,0,A,1,0,99.99,99.99,99.99,,,,,,,,,,,,
440,0,A,1,0,99.99,99.99,99.99,,,,,,,,,,,,
441,0,A,1,0,99.99,99.99,99.99,,,,,,,,,,,,
442,0,A,1,0,99.99,99.99,99.99,,,,,,,,,,,,
443,0,A,1,0,99.99,99.99,99.99,,,,,,,,,,,,
444,0,A,1,0,99.99,99.99,99.99,,,,,,,,,,,,
445,0,A,1,0,99.99,99.99,99.99,,,,,,,,,,,,
446,0,A,1,0,99.99,99.99,99.99,,,,,,,,,,,,
447,0,A,1,0,99.99,99.99,99.99,,,,,,,,,,,,
448,0,A,1,0,99.99,99.99,99.99,,,,,,,,,,,,
449,0,A,1,0,99.99,99.99,99.99,,,,,,,,,,,,
450,0,A,1,0,99.99,99.99,99.99,,,,,,,,,,,,
451,0,A,1,0,99.99,99.99,99.99,,,,,,,,,,,,
452,0,A,1,0,99.99,99.99,99.99,,,,,,,,,,,,
453,0,A,1,0,99.99,99.99,99.99,,,,,,,,,,,,
454,0,A,1,0,99.99,99.99,99.99,,,,,,,,,,,,
455,0,A,1,0,99.99,99.99,99.99,,,,,,,,,,,,
456,0,A,1,0,99.99,99.99,99.99,,,,,,,,,,,,
457,0,A,1,0,99.99,99.99,99.99,,,,,,,,,,,,
458,0,A,1,0,99.99,99.99,99.99,,,,,,,,,,,,
459,0,A,1,0,99.99,99.99,99.99,,,,,,,,,,,,
460,0,A,1,0,99.99,99.99,99.99,,,,,,,,,,,,
461,0,A,1,0,99.99,99.99,99.99,,,,,,,,,,,,
462,0,A,1,0,99.99,99.99,99.99,,,,,,,,,,,,
463,0,A,1,0,99.99,99.99,99.99,,,,,,,,,,,,
464,0,A,1,0,99.99,99.99,99.99,,,,,,,,,,,,
465,0,A,1,0,99.99,99.99,99.99,,,,,,,,,,,,
466,0,A,1,0,99.99,99.99,99.99,,,,,,,,,,,,
467,0,A,1,0,99.99,99.99,99.99,,,,,,,,,,,,
468,0,A,1,0,99.99,99.99,99.99,,,,,,,,,,,,
469,0,A,1,0,99.99,99.99,99.99,,,,,,,,,,,,
470,0,A,1,0,99.99,99.99,99.99,,,,,,,,,,,,
471,0,A,1,0,99.99,99.99,99.99,,,,,,,,,,,,
472,0,A,1,0,99.99,99.99,99.99,,,,,,,,,,,,
473,0,A,1,0,99.99,99.99,99.99,,,,,,,,,,,,
474,0,A,1,0,99.99,99.99,99.99,,,,,,,,,,,,
475,0,A,1,0,99.99,99.99,99.99,,,,,,,,,,,,
476,0,A,1,0,99.99,99.99,99.99,,,,,,,,,,,,
477,0,A,1,0,99.99,99.99,99.99,,,,,,,,,,,,
478,0,A,1,0,99.99,99.99,99.99,,,,,,,,,,,,
479,0,A,1,0,99.99,99.99,99.99,,,,,,,,,,,,
480,0,A,1,0,99.99,99.99,99.99,,,,,,,,,,,,
481,0,A,1,0,99.99,99.99,99.99,,,,,,,,,,,,
482,0,A,1,0,99.99,99.99,99.99,,,,,,,,,,,,
483,0,A,1,0,99.99,99.99,99.99,,,,,,,,,,,,
484,0,A,1,0,99.99,99.99,99.99,,,,,,,,,,,,
485,0,A,1,0,99.99,99.99,99.99,,,,,,,,,,,,
486,0,A,1,0,99.99,99.99,99.99,,,,,,,,,,,,
487,0,A,1,0,99.99,99.99,99.99,,,,,,,,,,,,
488,0,A,1,0,99.99,99.99,99.99,,,,,,,,,,,,
489,0,A,1,0,99.99,99.99,99.99,,,,,,,,,,,,
490,0,A,1,0,99.99,99.99,99.99,,,,,,,,,,,,
491,0,A,1,0,99.99,99.99,99.99,,,,,,,,,,,,
492,0,A,1,0,99.99,99.99,99.99,,,,,,,,,,,,
493,0,A,1,0,99.99,99.99,99.99,,,,,,,,,,,,
494,0,A,1,0,99.99,99.99,99.99,,,,,,,,,,,,
495,0,A,1,0,99.99,99.99,99.99,,,,,,,,,,,,
496,0,A,1,0,99.99,99.99,99.99,,,,,,,,,,,,
497,0,A,1,0,99.99,99.99,99.99,,,,,,,,,,,,
498,0,A,1,0,99.99,99.99,99.99,,,,,,,,,,,,
499,0,A,1,0,99.99,99.99,99.99,,,,,,,,,,,,
500,0,A,1,0,99.99,99.99,99.99,,,,,,,,,,,,
501,0,A,1,0,99.99,99.99,99.99,,,,,,,,,,,,
502,0,A,1,0,99.99,99.99,99.99,,,,,,,,,,,,
503,0,A,1,0,99.99,99.99,99.99,,,,,,,,,,,,
504,0,A,1,0,99.99,99.99,99.99,,,,,,,,,,,,
505,0,A,1,0,99.99,99.99,99.99,,,,,,,,,,,,
506,0,A,1,0,99.99,99.99,99.99,,,,,,,,,,,,
507,0,A,1,0,99.99,99.99,99.99,,,,,,,,,,,,
508,0,A,1,0,99.99,99.99,99.99,,,,,,,,,,,,
509,0,A,1,0,99.99,99.99,99.99,,,,,,,,,,,,
510,0,A,1,0,99.99,99.99,99.99,,,,,,,,,,,,
511,0,A,1,0,99.99,99.99,99.99,,,,,,,,,,,,
512,0,A,1,0,99.99,99.99,99.99,,,,,,,,,,,,
513,0,A,1,0,99.99,99.99,99.99,,,,,,,,,,,,
514,0,A,1,0,99.99,99.99,99.99,,,,,,,,,,,,
515,0,A,1,0,99.99,99.99,99.99,,,,,,,,,,,,
516,0,A,1,0,99.99,99.99,99.99,,,,,,,,,,,,
517,0,A,1,0,99.99,99.99,99.99,,,,,,,,,,,,
518,0,A,1,0,99.99,99.99,99.99,,,,,,,,,,,,
519,0,A,1,0,99.99,99.99,99.99,,,,,,,,,,,,
520,0,A,1,0,99.99,99.99,99.99,,,,,,,,,,,,
521,0,A,1,0,99.99,99.99,99.99,,,,,,,,,,,,
522,0,A,1,0,99.99,99.99,99.99,,,,,,,,,,,,
523,0,A,1,0,99.99,99.99,99.99,,,,,,,,,,,,
524,0,A,1,0,99.99,99.99,99.99,,,,,,,,,,,,
525,0,A,1,0,99.99,99.99,99.99,,,,,,,,,,,,
526,0,A,1,0,99.99,99.99,99.99,,,,,,,,,,,,
527,0,A,1,0,99.99,99.99,99.99,,,,,,,,,,,,
528,0,A,1,0,99.99,99.99,99.99,,,,,,,,,,,,
529,0,A,1,0,99.99,99.99,99.99,,,,,,,,,,,,
530,0,A,1,0,99.99,99.99,99.99,,,,,,,,,,,,
531,0,A,1,0,99.99,99.99,99.99,,,,,,,,,,,,
532,0,A,1,0,99.99,99.99,99.99,,,,,,,,,,,,
533,0,A,1,0,99.99,99.99,99.99,,,,,,,,,,,,
534,0,A,1,0,99.99,99.99,99.99,,,,,,,,,,,,
535,0,A,1,0,99.99,99.99,99.99,,,,,,,,,,,,
536,0,A,1,0,99.99,99.99,99.99,,,,,,,,,,,,
537,0,A,1,0,99.99,99.99,99.99,,,,,,,,,,,,
538,0,A,1,0,99.99,99.99,99.99,,,,,,,,,,,,
539,0,A,1,0,99.99,99.99,99.99,,,,,,,,,,,,
540,0,A,1,0,99.99,99.99,99.99,,,,,,,,,,,,
541,0,A,1,0,99.99,99.99,99.99,,,,,,,,,,,,
542,0,A,1,0,99.99,99.99,99.99,,,,,,,,,,,,
543,0,A,1,0,99.99,99.99,99.99,,,,,,,,,,,,
544,0,A,1,0,99.99,99.99,99.99,,,,,,,,,,,,
545,0,A,1,0,99.99,99.99,99.99,,,,,,,,,,,,
546,0,A,1,0,99.99,99.99,99.99,,,,,,,,,,,,
547,0,A,1,0,99.99,99.99,99.99,,,,,,,,,,,,
548,0,A,1,0,99.99,99.99,99.99,,,,,,,,,,,,
549,0,A,1,0,99.99,99.99,99.99,,,,,,,,,,,,
550,0,A,1,0,99.99,99.99,99.99,,,,,,,,,,,,
551,0,A,1,0,99.99,99.99,99.99,,,,,,,,,,,,
552,0,A,1,0,99.99,99.99,99.99,,,,,,,,,,,,
553,0,A,1,0,99.99,99.99,99.99,,,,,,,,,,,,
554,0,A,1,0,99.99,99.99,99.99,,,,,,,,,,,,
555,0,A,1,0,99.99,99.99,99.99,,,,,,,,,,,,
556,0,A,1,0,99.99,99.99,99.99,,,,,,,,,,,,
557,0,A,1,0,99.99,99.99,99.99,,,,,,,,,,,,
558,0,A,1,0,99.99,99.99,99.99,,,,,,,,,,,,
559,0,A,1,0,99.99,99.99,99.99,,,,,,,,,,,,
560,0,A,1,0,99.99,99.99,99.99,,,,,,,,,,,,
561,0,A,1,0,99.99,99.99,99.99,,,,,,,,,,,,
562,0,A,1,0,99.99,99.99,99.99,,,,,,,,,,,,
563,0,A,1,0,99.99,99.99,99.99,,,,,,,,,,,,
564,0,A,1,0,99.99,99.99,99.99,,,,,,,,,,,,
565,0,A,1,0,99.99,99.99,99.99,,,,,,,,,,,,
566,0,A,1,0,99.99,99.99,99.99,,,,,,,,,,,,
567,0,A,1,0,99.99,99.99,99.99,,,,,,,,,,,,
568,0,A,1,0,99.99,99.99,99.99,,,,,,,,,,,,
569,0,A,1,0,99.99,99.99,99.99,,,,,,,,,,,,
570,0,A,1,0,99.99,99.99,99.99,,,,,,,,,,,,
571,0,A,1,0,99.99,99.99,99.99,,,,,,,,,,,,
572,0,A,1,0,99.99,99.99,99.99,,,,,,,,,,,,
573,0,A,1,0,99.99,99.99,99.99,,,,,,,,,,,,
574,0,A,1,0,99.99,99.99,99.99,,,,,,,,,,,,
575,0,A,1,0,99.99,99.99,99.99,,,,,,,,,,,,
576,0,A,1,0,99.99,99.99,99.99,,,,,,,,,,,,
577,0,A,1,0,99.99,99.99,99.99,,,,,,,,,,,,
578,0,A,1,0,99.99,99.99,99.99,,,,,,,,,,,,
579,0,A,1,0,99.99,99.99,99.99,,,,,,,,,,,,
580,0,A,1,0,99.99,99.99,99.99,,,,,,,,,,,,
581,0,A,1,0,99.99,99.99,99.99,,,,,,,,,,,,
582,0,A,1,0,99.99,99.99,99.99,,,,,,,,,,,,
583,0,A,1,0,99.99,99.99,99.99,,,,,,,,,,,,
584,0,A,1,0,99.99,99.99,99.99,,,,,,,,,,,,
585,0,A,1,0,99.99,99.99,99.99,,,,,,,,,,,,
586,0,A,1,0,99.99,99.99,99.99,,,,,,,,,,,,
587,0,A,1,0,99.99,99.99,99.99,,,,,,,,,,,,
588,0,A,1,0,99.99,99.99,99.99,,,,,,,,,,,,
589,0,A,1,0,99.99,99.99,99.99,,,,,,,,,,,,
590,0,A,1,0,99.99,99.99,99.99,,,,,,,,,,,,
591,0,A,1,0,99.99,99.99,99.99,,,,,,,,,,,,
592,0,A,1,0,99.99,99.99,99.99,,,,,,,,,,,,
593,0,A,1,0,99.99,99.99,99.99,,,,,,,,,,,,
594,0,A,1,0,99.99,99.99,99.99,,,,,,,,,,,,
595,0,A,1,0,99.99,99.99,99.99,,,,,,,,,,,,
596,0,A,1,0,99.99,99.99,99.99,,,,,,,,,,,,
597,0,A,1,0,99.99,99.99,99.99,,,,,,,,,,,,
598,0,A,1,0,99.99,99.99,99.99,,,,,,,,,,,,
599,0,A,1,0,99.99,99.99,99.99,,,,,,,,,,,,
600,0,A,1,0,99.99,99.99,99.99,,,,,,,,,,,,
601,0,A,1,0,99.99,99.99,99.99,,,,,,,,,,,,
602,0,A,1,0,99.99,99.99,99.99,,,,,,,,,,,,
603,0,A,1,0,99.99,99.99,99.99,,,,,,,,,,,,
604,0,A,1,0,99.99,99.99,99.99,,,,,,,,,,,,
605,0,A,1,0,99.99,99.99,99.99,,,,,,,,,,,,
606,0,A,1,0,99.99,99.99,99.99,,,,,,,,,,,,
607,0,A,1,0,99.99,99.99,99.99,,,,,,,,,,,,
608,0,A,1,0,99.99,99.99,99.99,,,,,,,,,,,,
609,0,A,1,0,99.99,99.99,99.99,,,,,,,,,,,,
610,0,A,1,0,99.99,99.99,99.99,,,,,,,,,,,,
611,0,A,1,0,99.99,99.99,99.99,,,,,,,,,,,,
612,0,A,1,0,99.99,99.99,99.99,,,,,,,,,,,,
613,0,A,1,0,99.99,99.99,99.99,,,,,,,,,,,,
614,0,A,1,0,99.99,99.99,99.99,,,,,,,,,,,,
615,0,A,1,0,99.99,99.99,99.99,,,,,,,,,,,,
616,0,A,1,0,99.99,99.99,99.99,,,,,,,,,,,,
617,0,A,1,0,99.99,99.99,99.99,,,,,,,,,,,,
618,0,A,1,0,99.99,99.99,99.99,,,,,,,,,,,,
619,0,A,1,0,99.99,99.99,99.99,,,,,,,,,,,,
620,0,A,1,0,99.99,99.99,99.99,,,,,,,,,,,,
621,0,A,1,0,99.99,99.99,99.99,,,,,,,,,,,,
622,0,A,1,0,99.99,99.99,99.99,,,,,,,,,,,,
623,0,A,1,0,99.99,99.99,99.99,,,,,,,,,,,,
624,0,A,1,0,99.99,99.99,99.99,,,,,,,,,,,,
625,0,A,1,0,99.99,99.99,99.99,,,,,,,,,,,,
626,0,A,1,0,99.99,99.99,99.99,,,,,,,,,,,,
627,0,A,1,0,99.99,99.99,99.99,,,,,,,,,,,,
628,0,A,1,0,99.99,99.99,99.99,,,,,,,,,,,,
629,0,A,1,0,99.99,99.99,99.99,,,,,,,,,,,,
630,0,A,1,0,99.99,99.99,99.99,,,,,,,,,,,,
631,0,A,1,0,99.99,99.99,99.99,,,,,,,,,,,,
632,0,A,1,0,99.99,99.99,99.99,,,,,,,,,,,,
633,0,A,1,0,99.99,99.99,99.99,,,,,,,,,,,,
634,0,A,1,0,99.99,99.99,99.99,,,,,,,,,,,,
635,0,A,1,0,99.99,99.99,99.99,,,,,,,,,,,,
636,0,A,1,0,99.99,99.99,99.99,,,,,,,,,,,,
637,0,A,1,0,99.99,99.99,99.99,,,,,,,,,,,,
638,0,A,1,0,99.99,99.99,99.99,,,,,,,,,,,,
639,0,A,1,0,99.99,99.99,99.99,,,,,,,,,,,,
640,0,A,1,0,99.99,99.99,99.99,,,,,,,,,,,,
641,0,A,1,0,99.99,99.99,99.99,,,,,,,,,,,,
642,0,A,1,0,99.99,99.99,99.99,,,,,,,,,,,,
643,0,A,1,0,99.99,99.99,99.99,,,,,,,,,,,,
644,0,A,1,0,99.99,99.99,99.99,,,,,,,,,,,,
645,0,A,1,0,99.99,99.99,99.99,,,,,,,,,,,,
646,0,A,1,0,99.99,99.99,99.99,,,,,,,,,,,,
647,0,A,1,0,99.99,99.99,99.99,,,,,,,,,,,,
648,0,A,1,0,99.99,99.99,99.99,,,,,,,,,,,,
649,0,A,1,0,99.99,99.99,99.99,,,,,,,,,,,,
650,0,A,1,0,99.99,99.99,99.99,,,,,,,,,,,,
651,0,A,1,0,99.99,99.99,99.99,,,,,,,,,,,,
652,0,A,1,0,99.99,99.99,99.99,,,,,,,,,,,,
653,0,A,1,0,99.99,99.99,99.99,,,,,,,,,,,,
654,0,A,1,0,99.99,99.99,99.99,,,,,,,,,,,,
655,0,A,1,0,99.99,99.99,99.99,,,,,,,,,,,,
656,0,A,1,0,99.99,99.99,99.99,,,,,,,,,,,,
657,0,A,1,0,99.99,99.99,99.99,,,,,,,,,,,,
658,0,A,1,0,99.99,99.99,99.99,,,,,,,,,,,,
659,0,A,1,0,99.99,99.99,99.99,,,,,,,,,,,,
660,0,A,1,0,99.99,99.99,99.99,,,,,,,,,,,,
661,0,A,1,0,99.99,99.99,99.99,,,,,,,,,,,,
662,0,A,1,0,99.99,99.99,99.99,,,,,,,,,,,,
663,0,A,1,0,99.99,99.99,99.99,,,,,,,,,,,,
664,0,A,1,0,99.99,99.99,99.99,,,,,,,,,,,,
665,0,A,1,0,99.99,99.99,99.99,,,,,,,,,,,,
666,0,A,1,0,99.99,99.99,99.99,,,,,,,,,,,,
667,0,A,1,0,99.99,99.99,99.99,,,,,,,,,,,,
668,0,A,1,0,99.99,99.99,99.99,,,,,,,,,,,,
669,0,A,1,0,99.99,99.99,99.99,,,,,,,,,,,,
670,0,A,1,0,99.99,99.99,99.99,,,,,,,,,,,,
671,0,A,1,0,99.99,99.99,99.99,,,,,,,,,,,,
672,0,A,1,0,99.99,99.99,99.99,,,,,,,,,,,,
673,0,A,1,0,99.99,99.99,99.99,,,,,,,,,,,,
674,0,A,1,0,99.99,99.99,99.99,,,,,,,,,,,,
675,0,A,1,0,99.99,99.99,99.99,,,,,,,,,,,,
676,0,A,1,0,99.99,99.99,99.99,,,,,,,,,,,,
677,0,A,1,0,99.99,99.99,99.99,,,,,,,,,,,,
678,0,A,1,0,99.99,99.99,99.99,,,,,,,,,,,,
679,0,A,1,0,99.99,99.99,99.99,,,,,,,,,,,,
680,0,A,1,0,99.99,99.99,99.99,,,,,,,,,,,,
681,0,A,1,0,99.99,99.99,99.99,,,,,,,,,,,,
682,0,A,1,0,99.99,99.99,99.99,,,,,,,,,,,,
683,0,A,1,0,99.99,99.99,99.99,,,,,,,,,,,,
684,0,A,1,0,99.99,99.99,99.99,,,,,,,,,,,,
685,0,A,1,0,99.99,99.99,99.99,,,,,,,,,,,,
686,0,A,1,0,99.99,99.99,99.99,,,,,,,,,,,,
687,0,A,1,0,99.99,99.99,99.99,,,,,,,,,,,,
688,0,A,1,0,99.99,99.99,99.99,,,,,,,,,,,,
689,0,A,1,0,99.99,99.99,99.99,,,,,,,,,,,,
690,0,A,1,0,99.99,99.99,99.99,,,,,,,,,,,,
691,0,A,1,0,99.99,99.99,99.99,,,,,,,,,,,,
692,0,A,1,0,99.99,99.99,99.99,,,,,,,,,,,,
693,0,A,1,0,99.99,99.99,99.99,,,,,,,,,,,,
694,0,A,1,0,99.99,99.99,99.99,,,,,,,,,,,,
695,0,A,1,0,99.99,99.99,99.99,,,,,,,,,,,,
696,0,A,1,0,99.99,99.99,99.99,,,,,,,,,,,,
697,0,A,1,0,99.99,99.99,99.99,,,,,,,,,,,,
698,0,A,1,0,99.99,99.99,99.99,,,,,,,,,,,,
699,0,A,1,0,99.99,99.99,99.99,,,,,,,,,,,,
700,0,A,1,0,99.99,99.99,99.99,,,,,,,,,,,,
701,0,A,1,0,99.99,99.99,99.99,,,,,,,,,,,,
702,0,A,1,0,99.99,99.99,99.99,,,,,,,,,,,,
703,0,A,1,0,99.99,99.99,99.99,,,,,,,,,,,,
704,0,A,1,0,99.99,99.99,99.99,,,,,,,,,,,,
705,0,A,1,0,99.99,99.99,99.99,,,,,,,,,,,,
706,0,A,1,0,99.99,99.99,99.99,,,,,,,,,,,,
707,0,A,1,0,99.99,99.99,99.99,,,,,,,,,,,,
708,0,A,1,0,99.99,99.99,99.99,,,,,,,,,,,,
709,0,A,1,0,99.99,99.99,99.99,,,,,,,,,,,,
710,0,A,1,0,99.99,99.99,99.99,,,,,,,,,,,,
711,0,A,1,0,99.99,99.99,99.99,,,,,,,,,,,,
712,0,A,1,0,99.99,99.99,99.99,,,,,,,,,,,,
713,0,A,1,0,99.99,99.99,99.99,,,,,,,,,,,,
714,0,A,1,0,99.99,99.99,99.99,,,,,,,,,,,,
715,0,A,1,0,99.99,99.99,99.99,,,,,,,,,,,,
716,0,A,1,0,99.99,99.99,99.99,,,,,,,,,,,,
717,0,A,1,0,99.99,99.99,99.99,,,,,,,,,,,,
718,0,A,1,0,99.99,99.99,99.99,,,,,,,,,,,,
719,0,A,1,0,99.99,99.99,99.99,,,,,,,,,,,,
720,0,A,1,0,99.99,99.99,99.99,,,,,,,,,,,,
721,0,A,1,0,99.99,99.99,99.99,,,,,,,,,,,,
722,0,A,1,0,99.99,99.99,99.99,,,,,,,,,,,,
723,0,A,1,0,99.99,99.99,99.99,,,,,,,,,,,,
724,0,A,1,0,99.99,99.99,99.99,,,,,,,,,,,,
725,0,A,1,0,99.99,99.99,99.99,,,,,,,,,,,,
726,0,A,1,0,99.99,99.99,99.99,,,,,,,,,,,,
727,0,A,1,0,99.99,99.99,99.99,,,,,,,,,,,,
728,0,A,1,0,99.99,99.99,99.99,,,,,,,,,,,,
729,0,A,1,0,99.99,99.99,99.99,,,,,,,,,,,,
730,0,A,1,0,99.99,99.99,99.99,,,,,,,,,,,,
731,0,A,1,0,99.99,99.99,99.99,,,,,,,,,,,,
732,0,A,1,0,99.99,99.99,99.99,,,,,,,,,,,,
733,0,A,1,0,99.99,99.99,99.99,,,,,,,,,,,,
734,0,A,1,3,2.80,2.61,1.00,06,09,11,,,,,,,,,
735,0,A,1,3,2.80,2.61,1.00,06,09,11,,,,,,,,,
736,0,A,1,3,2.80,2.61,1.00,06,09,11,,,,,,,,,
737,0,A,1,3,2.80,2.61,1.00,06,09,11,,,,,,,,,
738,0,A,1,3,2.80,2.61,1.00,06,09,11,,,,,,,,,
739,0,A,1,0,99.99,99.99,99.99,,,,,,,,,,,,
740,0,A,1,3,2.80,2.61,1.00,06,09,11,,,,,,,,,
741,0,A,1,3,2.80,2.61,1.00,06,09,11,,,,,,,,,
742,0,A,1,0,99.99,99.99,99.99,,,,,,,,,,,,
743,0,A,1,3,2.80,2.61,1.00,06,09,11,,,,,,,,,
744,0,A,1,3,2.79,2.61,1.00,06,09,11,,,,,,,,,
745,0,A,1,3,2.79,2.61,1.00,06,09,11,,,,,,,,,
746,0,A,1,3,2.79,2.61,1.00,06,09,11,,,,,,,,,
747,0,A,1,3,2.79,2.61,1.00,06,09,11,,,,,,,,,
748,0,A,1,3,2.79,2.61,1.00,06,09,11,,,,,,,,,
749,0,A,1,3,2.79,2.61,1.00,06,09,11,,,,,,,,,
750,0,A,1,3,2.79,2.61,1.00,06,09,11,,,,,,,,,
751,0,A,1,3,2.79,2.61,1.00,06,09,11,,,,,,,,,
752,0,A,1,3,2.79,2.61,1.00,06,09,11,,,,,,,,,
753,0,A,1,3,2.79,2.61,1.00,06,09,11,,,,,,,,,
754,0,A,1,3,2.79,2.61,1.00,06,09,11,,,,,,,,,
755,0,A,1,0,99.99,99.99,99.99,,,,,,,,,,,,
756,0,A,1,3,2.79,2.60,1.00,06,09,11,,,,,,,,,
757,0,A,1,3,2.79,2.60,1.00,06,09,11,,,,,,,,,
758,0,A,1,3,2.79,2.60,1.00,06,09,11,,,,,,,,,
759,0,A,1,0,99.99,99.99,99.99,,,,,,,,,,,,
760,0,A,1,3,2.79,2.60,1.00,06,09,11,,,,,,,,,
761,0,A,1,3,2.79,2.60,1.00,06,09,11,,,,,,,,,
762,0,A,1,3,2.79,2.60,1.00,06,09,11,,,,,,,,,
763,0,A,1,3,2.79,2.60,1.00,06,09,11,,,,,,,,,
764,0,A,1,3,2.79,2.60,1.00,06,09,11,,,,,,,,,
765,0,A,1,3,2.79,2.60,1.00,06,09,11,,,,,,,,,
766,0,A,1,3,2.79,2.60,1.00,06,09,11,,,,,,,,,
767,0,A,1,3,2.79,2.60,1.00,06,09,11,,,,,,,,,
768,0,A,1,3,2.79,2.60,1.00,06,09,11,,,,,,,,,
769,0,A,1,3,2.79,2.60,1.00,06,09,11,,,,,,,,,
770,0,A,1,3,2.79,2.60,1.00,06,09,11,,,,,,,,,
771,0,A,1,3,2.78,2.60,1.00,06,09,11,,,,,,,,,
772,0,A,1,3,2.78,2.60,1.00,06,09,11,,,,,,,,,
773,0,A,1,3,2.78,2.60,1.00,06,09,11,,,,,,,,,
774,0,A,1,3,2.78,2.60,1.00,06,09,11,,,,,,,,,
775,0,A,1,3,2.78,2.60,1.00,06,09,11,,,,,,,,,
776,0,A,1,3,2.78,2.60,1.00,06,09,11,,,,,,,,,
777,0,A,1,3,2.78,2.60,1.00,06,09,11,,,,,,,,,
778,0,A,1,3,2.78,2.60,1.00,06,09,11,,,,,,,,,
779,0,A,1,3,2.78,2.60,1.00,06,09,11,,,,,,,,,
780,0,A,1,3,2.78,2.60,1.00,06,09,11,,,,,,,,,
781,0,A,1,3,2.78,2.60,1.00,06,09,11,,,,,,,,,
782,0,A,1,0,99.99,99.99,99.99,,,,,,,,,,,,
783,0,A,1,0,99.99,99.99,99.99,,,,,,,,,,,,
784,0,A,1,0,99.99,99.99,99.99,,,,,,,,,,,,
785,0,A,1,0,99.99,99.99,99.99,,,,,,,,,,,,
786,0,A,1,0,99.99,99.99,99.99,,,,,,,,,,,,
787,0,A,1,0,99.99,99.99,99.99,,,,,,,,,,,,
788,0,A,1,0,99.99,99.99,99.99,,,,,,,,,,,,
789,0,A,1,0,99.99,99.99,99.99,,,,,,,,,,,,
790,0,A,1,0,99.99,99.99,99.99,,,,,,,,,,,,
791,0,A,1,0,99.99,99.99,99.99,,,,,,,,,,,,
792,0,A,1,0,99.99,99.99,99.99,,,,,,,,,,,,
793,0,A,1,0,99.99,99.99,99.99,,,,,,,,,,,,
794,0,A,1,0,99.99,99.99,99.99,,,,,,,,,,,,
795,0,A,1,0,99.99,99.99,99.99,,,,,,,,,,,,
796,0,A,1,0,99.99,99.99,99.99,,,,,,,,,,,,
797,0,A,1,0,99.99,99.99,99.99,,,,,,,,,,,,
798,0,A,1,0,99.99,99.99,99.99,,,,,,,,,,,,
799,0,A,1,3,2.78,2.59,1.00,06,09,11,,,,,,,,,
800,0,A,1,0,99.99,99.99,99.99,,,,,,,,,,,,
801,0,A,1,3,2.78,2.59,1.00,06,09,11,,,,,,,,,
802,0,A,1,0,99.99,99.99,99.99,,,,,,,,,,,,
803,0,A,1,0,99.99,99.99,99.99,,,,,,,,,,,,
804,0,A,1,0,99.99,99.99,99.99,,,,,,,,,,,,
805,0,A,1,0,99.99,99.99,99.99,,,,,,,,,,,,
806,0,A,1,3,2.78,2.59,1.00,06,09,11,,,,,,,,,
807,0,A,1,3,2.77,2.59,1.00,06,09,11,,,,,,,,,
808,0,A,1,3,2.77,2.59,1.00,06,09,11,,,,,,,,,
809,0,A,1,0,99.99,99.99,99.99,,,,,,,,,,,,
810,0,A,1,3,2.77,2.59,1.00,06,09,11,,,,,,,,,
811,0,A,1,3,2.77,2.59,1.00,06,09,11,,,,,,,,,
812,0,A,1,3,2.77,2.59,1.00,06,09,11,,,,,,,,,
813,0,A,1,3,2.77,2.59,1.00,06,09,11,,,,,,,,,
814,0,A,1,3,2.77,2.59,1.00,06,09,11,,,,,,,,,
815,0,A,1,3,2.77,2.59,1.00,06,09,11,,,,,,,,,
816,0,A,1,3,2.77,2.59,1.00,06,09,11,,,,,,,,,
817,0,A,1,3,2.77,2.59,1.00,06,09,11,,,,,,,,,
818,0,A,1,3,2.77,2.59,1.00,06,09,11,,,,,,,,,
819,0,A,1,3,2.77,2.59,1.00,06,09,11,,,,,,,,,
820,1,A,3,4,6.38,5.09,3.85,09,11,16,20,,,,,,,,
821,2,A,3,5,2.98,1.70,2.44,06,09,11,16,20,,,,,,,
822,3,A,3,5,2.98,1.70,2.45,06,09,11,16,20,,,,,,,
823,4,A,3,5,2.98,1.70,2.45,06,09,11,16,20,,,,,,,
824,5,A,3,5,2.98,1.70,2.45,06,09,11,16,20,,,,,,,
825,6,A,3,4,6.33,5.03,3.84,09,11,16,20,,,,,,,,
826,7,A,3,5,2.98,1.70,2.45,06,09,11,16,20,,,,,,,
827,8,A,3,5,2.98,1.70,2.45,06,09,11,16,20,,,,,,,
828,9,A,3,5,2.98,1.70,2.45,06,09,11,16,20,,,,,,,
829,10,A,3,6,2.94,1.63,2.44,04,06,09,11,16,20,,,,,,
830,11,A,3,5,5.71,4.47,3.56,04,09,11,16,20,,,,,,,
831,12,A,3,5,5.70,4.45,3.56,04,09,11,16,20,,,,,,,
832,13,A,3,5,5.69,4.44,3.56,04,09,11,16,20,,,,,,,
833,14,A,3,5,5.68,4.43,3.55,04,09,11,16,20,,,,,,,
834,15,A,3,5,5.66,4.41,3.55,04,09,11,16,20,,,,,,,
835,16,A,3,6,2.94,1.62,2.45,04,06,09,11,16,20,,,,,,
836,17,A,3,6,2.94,1.62,2.45,04,06,09,11,16,20,,,,,,
837,18,A,3,6,2.93,1.62,2.45,04,06,09,11,16,20,,,,,,
838,19,A,3,6,2.93,1.62,2.45,04,06,09,11,16,20,,,,,,
839,20,A,3,6,2.93,1.62,2.45,04,06,09,11,16,20,,,,,,
840,21,A,3,6,2.93,1.62,2.45,04,06,09,11,16,20,,,,,,
841,22,A,3,6,2.93,1.62,2.45,04,06,09,11,16,20,,,,,,
842,23,A,3,6,2.93,1.62,2.45,04,06,09,11,16,20,,,,,,
843,24,A,3,6,2.93,1.62,2.45,04,06,09,11,16,20,,,,,,
844,25,A,3,6,2.93,1.62,2.45,04,06,09,11,16,20,,,,,,
845,26,A,3,6,2.93,1.62,2.45,04,06,09,11,16,20,,,,,,
846,27,A,3,6,2.93,1.61,2.45,04,06,09,11,16,20,,,,,,
847,28,A,3,6,2.93,1.61,2.45,04,06,09,11,16,20,,,,,,
848,29,A,3,6,2.93,1.61,2.45,04,06,09,11,16,20,,,,,,
849,30,A,3,6,2.93,1.61,2.45,04,06,09,11,16,20,,,,,,
850,31,A,3,6,2.93,1.61,2.45,04,06,09,11,16,20,,,,,,
851,32,A,3,6,2.93,1.61,2.45,04,06,09,11,16,20,,,,,,
852,33,A,3,6,2.93,1.61,2.45,04,06,09,11,16,20,,,,,,
853,34,A,3,6,2.93,1.61,2.45,04,06,09,11,16,20,,,,,,
854,35,A,3,6,2.93,1.61,2.45,04,06,09,11,16,20,,,,,,
855,36,A,3,7,2.93,1.61,2.45,04,02,06,09,11,16,20,,,,,
856,37,A,3,6,3.63,1.62,3.25,04,02,06,09,11,20,,,,,,
857,38,A,3,7,2.93,1.60,2.45,04,02,06,09,11,16,20,,,,,
858,39,A,3,7,2.93,1.60,2.45,04,02,06,09,11,16,20,,,,,
859,40,A,3,7,2.93,1.60,2.45,04,02,06,09,11,16,20,,,,,
860,41,A,3,7,2.93,1.60,2.45,04,02,06,09,11,16,20,,,,,
861,42,A,3,7,2.46,1.43,2.00,04,02,06,09,11,16,20,,,,,
862,43,A,3,7,2.45,1.43,1.99,04,02,06,09,11,16,20,,,,,
863,44,A,3,7,2.45,1.43,1.99,04,02,06,09,11,16,20,,,,,
864,45,A,3,7,2.45,1.43,1.99,04,02,06,09,11,16,20,,,,,
865,46,A,3,7,2.45,1.43,1.99,04,02,06,09,11,16,20,,,,,
866,47,A,3,7,2.45,1.42,1.99,04,02,06,09,11,16,20,,,,,
867,48,A,3,6,2.93,1.60,2.45,04,06,09,11,16,20,,,,,,
868,49,A,3,7,2.45,1.42,1.99,04,02,06,09,11,16,20,,,,,
869,50,A,3,7,2.45,1.42,1.99,04,02,06,09,11,16,20,,,,,
870,51,A,3,7,2.45,1.42,1.99,04,02,06,09,11,16,20,,,,,
871,52,A,3,7,2.45,1.42,1.99,04,02,06,09,11,16,20,,,,,
872,53,A,3,7,2.44,1.42,1.99,04,02,06,09,11,16,20,,,,,
873,54,A,3,7,2.44,1.41,1.99,04,02,06,09,11,16,20,,,,,
874,55,A,3,7,2.44,1.41,1.99,04,02,06,09,11,16,20,,,,,
875,56,A,3,7,2.44,1.41,1.99,04,02,06,09,11,16,20,,,,,
876,57,A,3,7,2.44,1.41,1.99,04,02,06,09,11,16,20,,,,,
877,58,A,3,7,2.44,1.41,1.99,04,02,06,09,11,16,20,,,,,
878,59,A,3,7,2.44,1.41,1.99,04,02,06,09,11,16,20,,,,,
879,60,A,3,7,2.44,1.41,1.99,04,02,06,09,11,16,20,,,,,
880,61,A,3,7,2.44,1.40,1.99,04,02,06,09,11,16,20,,,,,
881,62,A,3,7,2.44,1.40,1.99,04,02,06,09,11,16,20,,,,,
882,63,A,3,7,2.43,1.40,1.99,04,02,06,09,11,16,20,,,,,
883,64,A,3,7,2.43,1.40,1.99,04,02,06,09,11,16,20,,,,,
884,65,A,3,7,2.43,1.40,1.99,04,02,06,09,11,16,20,,,,,
885,66,A,3,7,2.43,1.40,1.99,04,02,06,09,11,16,20,,,,,
886,67,A,3,7,2.43,1.40,1.99,04,02,06,09,11,16,20,,,,,
887,68,A,3,7,2.43,1.40,1.99,04,02,06,09,11,16,20,,,,,
888,69,A,3,6,3.44,1.64,3.02,04,02,06,11,16,20,,,,,,
889,70,A,3,7,2.43,1.39,1.99,04,02,06,09,11,16,20,,,,,
890,71,A,3,7,2.43,1.39,1.99,04,02,06,09,11,16,20,,,,,
891,72,A,3,7,2.43,1.39,1.99,04,02,06,09,11,16,20,,,,,
892,73,A,3,7,2.42,1.39,1.99,04,02,06,09,11,16,20,,,,,
893,74,A,3,6,3.43,1.63,3.02,04,02,06,11,16,20,,,,,,
894,75,A,3,7,2.42,1.39,1.99,04,02,06,09,11,16,20,,,,,
895,76,A,3,7,2.42,1.39,1.99,04,02,06,09,11,16,20,,,,,
896,77,A,3,7,2.42,1.38,1.99,04,02,06,09,11,16,20,,,,,
897,78,A,3,7,2.42,1.38,1.99,04,02,06,09,11,16,20,,,,,
898,79,A,3,7,2.42,1.38,1.99,04,02,06,09,11,16,20,,,,,
899,80,A,3,7,2.42,1.38,1.99,04,02,06,09,11,16,20,,,,,
900,81,A,3,7,2.42,1.38,1.99,04,02,06,09,11,16,20,,,,,
901,82,A,3,7,2.42,1.38,1.99,04,02,06,09,11,16,20,,,,,
902,83,A,3,7,2.42,1.38,1.98,04,02,06,09,11,16,20,,,,,
903,84,A,3,7,2.41,1.37,1.98,04,02,06,09,11,16,20,,,,,
904,85,A,3,7,2.41,1.37,1.98,04,02,06,09,11,16,20,,,,,
905,86,A,3,7,2.41,1.37,1.98,04,02,06,09,11,16,20,,,,,
906,87,A,3,7,2.41,1.37,1.98,04,02,06,09,11,16,20,,,,,
907,88,A,3,7,2.41,1.37,1.98,04,02,06,09,11,16,20,,,,,
908,89,A,3,7,2.41,1.37,1.98,04,02,06,09,11,16,20,,,,,
909,90,A,3,7,2.41,1.37,1.98,04,02,06,09,11,16,20,,,,,
910,91,A,3,7,2.41,1.37,1.98,04,02,06,09,11,16,20,,,,,
911,92,A,3,7,2.41,1.36,1.98,04,02,06,09,11,16,20,,,,,
912,93,A,3,7,2.41,1.36,1.98,04,02,06,09,11,16,20,,,,,
913,94,A,3,7,2.40,1.36,1.98,04,02,06,09,11,16,20,,,,,
914,95,A,3,7,2.40,1.36,1.98,04,02,06,09,11,16,20,,,,,
915,96,A,3,7,2.40,1.36,1.98,04,02,06,09,11,16,20,,,,,
916,97,A,3,7,2.40,1.36,1.98,04,02,06,09,11,16,20,,,,,
917,98,A,3,7,2.40,1.36,1.98,04,02,06,09,11,16,20,,,,,
918,99,A,3,7,2.40,1.36,1.98,04,02,06,09,11,16,20,,,,,
919,100,A,3,7,2.40,1.35,1.98,04,02,06,09,11,16,20,,,,,
920,101,A,3,8,2.20,1.32,1.76,04,02,06,09,11,16,05,20,,,,
921,102,A,3,8,2.20,1.32,1.76,04,02,06,09,11,16,05,20,,,,
922,103,A,3,8,2.20,1.32,1.76,04,02,06,09,11,16,05,20,,,,
923,104,A,3,8,2.20,1.31,1.76,04,02,06,09,11,16,05,20,,,,
924,105,A,3,8,2.20,1.31,1.76,04,02,06,09,11,16,05,20,,,,
925,106,A,3,8,2.20,1.31,1.76,04,02,06,09,11,16,05,20,,,,
926,107,A,3,8,2.20,1.31,1.76,04,02,06,09,11,16,05,20,,,,
927,108,A,3,8,2.19,1.31,1.76,04,02,06,09,11,16,05,20,,,,
928,109,A,3,9,2.17,1.27,1.75,04,02,06,09,11,29,16,05,20,,,
929,110,A,3,9,2.16,1.27,1.75,04,02,06,09,11,29,16,05,20,,,
930,111,A,3,9,2.16,1.27,1.75,04,02,06,09,11,29,16,05,20,,,
931,112,A,3,9,2.16,1.27,1.75,04,02,06,09,11,29,16,05,20,,,
932,113,A,3,8,3.45,2.45,2.43,04,02,09,11,29,16,05,20,,,,
933,114,A,3,9,2.16,1.27,1.75,04,02,06,09,11,29,16,05,20,,,
934,115,A,3,9,2.16,1.27,1.75,04,02,06,09,11,29,16,05,20,,,
935,116,A,3,9,2.16,1.27,1.75,04,02,06,09,11,29,16,05,20,,,
936,117,A,3,9,2.16,1.26,1.75,04,02,06,09,11,29,16,05,20,,,
937,118,A,3,9,2.16,1.26,1.75,04,02,06,09,11,29,16,05,20,,,
938,119,A,3,9,2.16,1.26,1.75,04,02,06,09,11,29,16,05,20,,,
939,120,A,3,9,2.16,1.26,1.75,04,02,06,09,11,29,16,05,20,,,
940,121,A,3,9,2.16,1.26,1.75,04,02,06,09,11,29,16,05,20,,,
941,122,A,3,9,2.16,1.26,1.75,04,02,06,09,11,29,16,05,20,,,
942,123,A,3,9,2.16,1.26,1.75,04,02,06,09,11,29,16,05,20,,,
943,124,A,3,9,2.16,1.26,1.75,04,02,06,09,11,29,16,05,20,,,
944,125,A,3,9,2.16,1.26,1.75,04,02,06,09,11,29,16,05,20,,,
945,126,A,3,9,2.15,1.26,1.75,04,02,06,09,11,29,16,05,20,,,
946,127,A,3,9,2.15,1.25,1.75,04,02,06,09,11,29,16,05,20,,,
947,128,A,3,9,2.15,1.25,1.75,04,02,06,09,11,29,16,05,20,,,
948,129,A,3,9,2.15,1.25,1.75,04,02,06,09,11,29,16,05,20,,,
949,130,A,3,9,2.15,1.25,1.75,04,02,06,09,11,29,16,05,20,,,
950,131,A,3,9,2.15,1.25,1.75,04,02,06,09,11,29,16,05,20,,,
951,132,A,3,9,2.15,1.25,1.75,04,02,06,09,11,29,16,05,20,,,
952,133,A,3,9,2.15,1.25,1.75,04,02,06,09,11,29,16,05,20,,,
953,134,A,3,9,2.15,1.25,1.75,04,02,06,09,11,29,16,05,20,,,
954,135,A,3,9,2.15,1.25,1.75,04,02,06,09,11,29,16,05,20,,,
955,136,A,3,9,2.15,1.25,1.75,04,02,06,09,11,29,16,05,20,,,
956,137,A,3,9,2.15,1.24,1.75,04,02,06,09,11,29,16,05,20,,,
957,138,A,3,9,2.15,1.24,1.75,04,02,06,09,11,29,16,05,20,,,
958,139,A,3,9,2.15,1.24,1.75,04,02,06,09,11,29,16,05,20,,,
959,140,A,3,9,2.27,1.27,1.88,04,02,06,09,11,29,16,05,20,,,
960,141,A,3,9,2.15,1.24,1.75,04,02,06,09,11,29,16,05,20,,,
961,142,A,3,9,2.15,1.24,1.75,04,02,06,09,11,29,16,05,20,,,
962,143,A,3,9,2.14,1.24,1.75,04,02,06,09,11,29,16,05,20,,,
963,144,A,3,9,2.14,1.24,1.75,04,02,06,09,11,29,16,05,20,,,
964,145,A,3,9,2.14,1.24,1.75,04,02,06,09,11,29,16,05,20,,,
965,146,A,3,9,2.14,1.24,1.75,04,02,06,09,11,29,16,05,20,,,
966,147,A,3,9,2.14,1.23,1.75,04,02,06,09,11,29,16,05,20,,,
967,148,A,3,9,2.14,1.23,1.75,04,02,06,09,11,29,16,05,20,,,
968,149,A,3,10,2.11,1.19,1.75,04,02,06,07,09,11,29,16,05,20,,
969,150,A,3,10,2.11,1.19,1.75,04,02,06,07,09,11,29,16,05,20,,
970,151,A,3,10,2.11,1.19,1.75,04,02,06,07,09,11,29,16,05,20,,
971,152,A,3,10,2.11,1.19,1.74,04,02,06,07,09,11,29,16,05,20,,
972,153,A,3,10,2.11,1.19,1.74,04,02,06,07,09,11,29,16,05,20,,
973,154,A,3,10,2.11,1.19,1.74,04,02,06,07,09,11,29,16,05,20,,
974,155,A,3,10,2.11,1.19,1.74,04,02,06,07,09,11,29,16,05,20,,
975,156,A,3,10,2.11,1.19,1.74,04,02,06,07,09,11,29,16,05,20,,
976,157,A,3,10,2.11,1.19,1.74,04,02,06,07,09,11,29,16,05,20,,
977,158,A,3,10,2.11,1.19,1.74,04,02,06,07,09,11,29,16,05,20,,
978,159,A,3,10,2.11,1.19,1.74,04,02,06,07,09,11,29,16,05,20,,
979,160,A,3,10,2.11,1.19,1.74,04,02,06,07,09,11,29,16,05,20,,
980,161,A,3,10,2.11,1.19,1.74,04,02,06,07,09,11,29,16,05,20,,
981,162,A,3,10,2.11,1.18,1.74,04,02,06,07,09,11,29,16,05,20,,
982,163,A,3,10,2.11,1.18,1.74,04,02,06,07,09,11,29,16,05,20,,
983,164,A,3,10,2.10,1.18,1.74,04,02,06,07,09,11,29,16,05,20,,
984,165,A,3,10,2.10,1.18,1.74,04,02,06,07,09,11,29,16,05,20,,
985,166,A,3,10,2.10,1.18,1.74,04,02,06,07,09,11,29,16,05,20,,
986,167,A,3,10,2.10,1.18,1.74,04,02,06,07,09,11,29,16,05,20,,
987,168,A,3,10,2.13,1.20,1.76,04,02,06,07,09,11,29,16,05,20,,
988,169,A,3,10,2.10,1.18,1.74,04,02,06,07,09,11,29,16,05,20,,
989,170,A,3,10,2.10,1.18,1.74,04,02,06,07,09,11,29,16,05,20,,
990,171,A,3,10,2.10,1.18,1.74,04,02,06,07,09,11,29,16,05,20,,
991,172,A,3,10,2.10,1.18,1.74,04,02,06,07,09,11,29,16,05,20,,
992,173,A,3,10,2.10,1.18,1.74,04,02,06,07,09,11,29,16,05,20,,
993,174,A,3,10,2.10,1.18,1.74,04,02,06,07,09,11,29,16,05,20,,
994,175,A,3,10,2.10,1.18,1.74,04,02,06,07,09,11,29,16,05,20,,
995,176,A,3,10,2.10,1.18,1.73,04,02,06,07,09,11,29,16,05,20,,
996,177,A,3,10,2.09,1.17,1.73,04,02,06,07,09,11,29,16,05,20,,
997,178,A,3,10,2.09,1.17,1.73,04,02,06,07,09,11,29,16,05,20,,
998,179,A,3,10,2.09,1.17,1.73,04,02,06,07,09,11,29,16,05,20,,
999,180,A,3,10,2.09,1.17,1.73,04,02,06,07,09,11,29,16,05,20,,
1000,181,A,3,9,2.91,1.83,2.26,04,02,07,09,11,29,16,05,20,,,
1001,182,A,3,10,2.09,1.17,1.73,04,02,06,07,09,11,29,16,05,20,,
1002,183,A,3,10,2.09,1.17,1.73,04,02,06,07,09,11,29,16,05,20,,
1003,184,A,3,10,2.09,1.17,1.73,04,02,06,07,09,11,29,16,05,20,,
1004,185,A,3,10,2.09,1.17,1.73,04,02,06,07,09,11,29,16,05,20,,
1005,186,A,3,10,2.09,1.17,1.73,04,02,06,07,09,11,29,16,05,20,,
1006,187,A,3,10,2.09,1.17,1.73,04,02,06,07,09,11,29,16,05,20,,
1007,188,A,3,10,2.08,1.17,1.73,04,02,06,07,09,11,29,16,05,20,,
1008,189,A,3,10,2.08,1.17,1.73,04,02,06,07,09,11,29,16,05,20,,
1009,190,A,3,10,2.08,1.17,1.73,04,02,06,07,09,11,29,16,05,20,,
1010,191,A,3,10,2.08,1.16,1.73,04,02,06,07,09,11,29,16,05,20,,
1011,192,A,3,9,2.93,1.84,2.28,04,02,07,09,11,29,16,05,20,,,
1012,193,A,3,10,2.08,1.16,1.72,04,02,06,07,09,11,29,16,05,20,,
1013,194,A,3,10,2.08,1.16,1.72,04,02,06,07,09,11,29,16,05,20,,
1014,195,A,3,10,2.08,1.16,1.72,04,02,06,07,09,11,29,16,05,20,,
1015,196,A,3,10,2.08,1.16,1.72,04,02,06,07,09,11,29,16,05,20,,
1016,197,A,3,10,2.08,1.16,1.72,04,02,06,07,09,11,29,16,05,20,,
1017,198,A,3,10,2.08,1.16,1.72,04,02,06,07,09,11,29,16,05,20,,
1018,199,A,3,10,2.07,1.16,1.72,04,02,06,07,09,11,29,16,05,20,,
1019,200,A,3,10,2.07,1.16,1.72,04,02,06,07,09,11,29,16,05,20,,
1020,201,A,3,11,1.76,0.92,1.50,30,04,02,06,07,09,11,29,16,05,20,
1021,202,A,3,11,1.76,0.92,1.50,30,04,02,06,07,09,11,29,16,05,20,
1022,203,A,3,11,1.76,0.92,1.50,30,04,02,06,07,09,11,29,16,05,20,
1023,204,A,3,11,1.76,0.92,1.50,30,04,02,06,07,09,11,29,16,05,20,
1024,205,A,3,11,1.76,0.92,1.50,30,04,02,06,07,09,11,29,16,05,20,
1025,206,A,3,11,1.76,0.92,1.50,30,04,02,06,07,09,11,29,16,05,20,
1026,207,A,3,11,1.76,0.92,1.50,30,04,02,06,07,09,11,29,16,05,20,
1027,208,A,3,11,1.77,0.92,1.50,30,04,02,06,07,09,11,29,16,05,20,
1028,209,A,3,11,1.77,0.92,1.51,30,04,02,06,07,09,11,29,16,05,20,
1029,210,A,3,11,1.77,0.92,1.51,30,04,02,06,07,09,11,29,16,05,20,
1030,211,A,3,11,1.77,0.92,1.51,30,04,02,06,07,09,11,29,16,05,20,
1031,212,A,3,11,1.77,0.92,1.51,30,04,02,06,07,09,11,29,16,05,20,
1032,213,A,3,11,1.77,0.92,1.51,30,04,02,06,07,09,11,29,16,05,20,
1033,214,A,3,11,1.77,0.92,1.51,30,04,02,06,07,09,11,29,16,05,20,
1034,215,A,3,11,1.77,0.92,1.51,30,04,02,06,07,09,11,29,16,05,20,
1035,216,A,3,11,1.77,0.92,1.51,30,04,02,06,07,09,11,29,16,05,20,
1036,217,A,3,11,1.77,0.92,1.51,30,04,02,06,07,09,11,29,16,05,20,
1037,218,A,3,10,1.81,0.94,1.55,30,04,02,06,07,09,11,16,05,20,,
1038,219,A,3,10,1.87,0.98,1.59,30,04,02,06,07,09,11,16,05,20,,
1039,220,A,3,11,1.81,0.94,1.55,30,04,02,06,07,09,11,29,16,05,20,
1040,221,A,3,11,1.81,0.94,1.55,30,04,02,06,07,09,11,29,16,05,20,
1041,222,A,3,11,1.81,0.94,1.55,30,04,02,06,07,09,11,29,16,05,20,
1042,223,A,3,11,1.77,0.92,1.51,30,04,02,06,07,09,11,29,16,05,20,
1043,224,A,3,11,1.77,0.92,1.51,30,04,02,06,07,09,11,29,16,05,20,
1044,225,A,3,11,1.77,0.92,1.51,30,04,02,06,07,09,11,29,16,05,20,
1045,226,A,3,11,1.77,0.92,1.51,30,04,02,06,07,09,11,29,16,05,20,
1046,227,A,3,11,1.77,0.92,1.51,30,04,02,06,07,09,11,29,16,05,20,
1047,228,A,3,11,1.77,0.92,1.51,30,04,02,06,07,09,11,29,16,05,20,
1048,229,A,3,11,1.77,0.92,1.51,30,04,02,06,07,09,11,29,16,05,20,
1049,230,A,3,11,1.77,0.92,1.51,30,04,02,06,07,09,11,29,16,05,20,
1050,231,A,3,11,1.77,0.92,1.51,30,04,02,06,07,09,11,29,16,05,20,
1051,232,A,3,11,1.77,0.92,1.51,30,04,02,06,07,09,11,29,16,05,20,
1052,233,A,3,10,1.84,0.98,1.55,30,04,02,06,07,09,11,29,05,20,,
1053,234,A,3,11,1.77,0.92,1.51,30,04,02,06,07,09,11,29,16,05,20,
1054,235,A,3,11,1.77,0.92,1.51,30,04,02,06,07,09,11,29,16,05,20,
1055,236,A,3,11,1.77,0.92,1.51,30,04,02,06,07,09,11,29,16,05,20,
1056,237,A,3,11,1.77,0.92,1.51,30,04,02,06,07,09,11,29,16,05,20,
1057,238,A,3,11,1.77,0.92,1.52,30,04,02,06,07,09,11,29,16,05,20,
1058,239,A,3,11,1.77,0.92,1.52,30,04,02,06,07,09,11,29,16,05,20,
1059,240,A,3,11,1.77,0.92,1.52,30,04,02,06,07,09,11,29,16,05,20,
1060,241,A,3,11,1.78,0.92,1.52,30,04,02,06,07,09,11,29,16,05,20,
1061,242,A,3,11,1.78,0.92,1.52,30,04,02,06,07,09,11,29,16,05,20,
1062,243,A,3,11,1.78,0.92,1.52,30,04,02,06,07,09,11,29,16,05,20,
1063,244,A,3,11,1.78,0.92,1.52,30,04,02,06,07,09,11,29,16,05,20,
1064,245,A,3,11,1.78,0.92,1.52,30,04,02,06,07,09,11,29,16,05,20,
1065,246,A,3,11,1.78,0.92,1.52,30,04,02,06,07,09,11,29,16,05,20,
1066,247,A,3,11,1.78,0.92,1.52,30,04,02,06,07,09,11,29,16,05,20,
1067,248,A,3,11,1.78,0.92,1.52,30,04,02,06,07,09,11,29,16,05,20,
1068,249,A,3,11,1.78,0.92,1.52,30,04,02,06,07,09,11,29,16,05,20,
1069,250,A,3,11,1.78,0.92,1.52,30,04,02,06,07,09,11,29,16,05,20,
1070,251,A,3,11,1.78,0.92,1.52,30,04,02,06,07,09,11,29,16,05,20,
1071,252,A,3,11,1.78,0.92,1.52,30,04,02,06,07,09,11,29,16,05,20,
1072,253,A,3,11,1.78,0.92,1.52,30,04,02,06,07,09,11,29,16,05,20,
1073,254,A,3,11,1.78,0.92,1.52,30,04,02,06,07,09,11,29,16,05,20,
1074,255,A,3,11,1.78,0.92,1.52,30,04,02,06,07,09,11,29,16,05,20,
1075,256,A,3,11,1.78,0.92,1.52,30,04,02,06,07,09,11,29,16,05,20,
1076,257,A,3,11,1.78,0.92,1.52,30,04,02,06,07,09,11,29,16,05,20,
1077,258,A,3,11,1.78,0.92,1.52,30,04,02,06,07,09,11,29,16,05,20,
1078,259,A,3,11,1.78,0.92,1.52,30,04,02,06,07,09,11,29,16,05,20,
1079,260,A,3,11,1.78,0.92,1.52,30,04,02,06,07,09,11,29,16,05,20,
1080,261,A,3,11,1.78,0.92,1.52,30,04,02,06,07,09,11,29,16,05,20,
1081,262,A,3,11,1.78,0.92,1.52,30,04,02,06,07,09,11,29,16,05,20,
1082,263,A,3,11,1.78,0.92,1.52,30,04,02,06,07,09,11,29,16,05,20,
1083,264,A,3,11,1.78,0.92,1.52,30,04,02,06,07,09,11,29,16,05,20,
1084,265,A,3,11,1.78,0.92,1.52,30,04,02,06,07,09,11,29,16,05,20,
1085,266,A,3,11,1.78,0.92,1.52,30,04,02,06,07,09,11,29,16,05,20,
1086,267,A,3,11,1.78,0.92,1.52,30,04,02,06,07,09,11,29,16,05,20,
1087,268,A,3,11,1.78,0.92,1.52,30,04,02,06,07,09,11,29,16,05,20,
1088,269,A,3,11,1.78,0.92,1.52,30,04,02,06,07,09,11,29,16,05,20,
1089,270,A,3,11,1.78,0.92,1.52,30,04,02,06,07,09,11,29,16,05,20,
1090,271,A,3,11,1.82,0.94,1.57,30,04,02,06,07,09,11,29,16,05,20,
1091,272,A,3,11,1.82,0.94,1.57,30,04,02,06,07,09,11,29,16,05,20,
1092,273,A,3,10,1.83,0.97,1.55,30,04,02,06,07,09,11,29,05,20,,
1093,274,A,3,11,1.78,0.92,1.52,30,04,02,06,07,09,11,29,16,05,20,
1094,275,A,3,11,1.78,0.92,1.52,30,04,02,06,07,09,11,29,16,05,20,
1095,276,A,3,11,1.78,0.92,1.52,30,04,02,06,07,09,11,29,16,05,20,
1096,277,A,3,11,1.78,0.92,1.52,30,04,02,06,07,09,11,29,16,05,20,
1097,278,A,3,10,1.83,0.97,1.55,30,04,02,06,07,09,11,29,05,20,,
1098,279,A,3,10,1.83,0.97,1.55,30,04,02,06,07,09,11,29,05,20,,
1099,280,A,3,11,1.78,0.92,1.52,30,04,02,06,07,09,11,29,16,05,20,
1100,281,A,3,11,1.78,0.92,1.52,30,04,02,06,07,09,11,29,16,05,20,
1101,282,A,3,10,1.83,0.97,1.55,30,04,02,06,07,09,11,29,05,20,,
1102,283,A,3,10,1.83,0.97,1.55,30,04,02,06,07,09,11,29,05,20,,
1103,284,A,3,10,1.83,0.97,1.55,30,04,02,06,07,09,11,29,05,20,,
1104,285,A,3,11,1.83,0.97,1.55,30,04,02,06,07,09,11,29,16,05,20,
1105,286,A,3,11,1.78,0.92,1.52,30,04,02,06,07,09,11,29,16,05,20,
1106,287,A,3,11,1.78,0.92,1.52,30,04,02,06,07,09,11,29,16,05,20,
1107,288,A,3,11,1.78,0.92,1.52,30,04,02,06,07,09,11,29,16,05,20,
1108,289,A,3,11,1.78,0.92,1.52,30,04,02,06,07,09,11,29,16,05,20,
1109,290,A,3,11,1.78,0.92,1.52,30,04,02,06,07,09,11,29,16,05,20,
1110,291,A,3,11,1.78,0.92,1.52,30,04,02,06,07,09,11,29,16,05,20,
1111,292,A,3,11,1.78,0.92,1.52,30,04,02,06,07,09,11,29,16,05,20,
1112,293,A,3,11,1.78,0.92,1.52,30,04,02,06,07,09,11,29,16,05,20,
1113,294,A,3,11,1.78,0.92,1.52,30,04,02,06,07,09,11,29,16,05,20,
1114,295,A,3,11,1.78,0.92,1.52,30,04,02,06,07,09,11,29,16,05,20,
1115,296,A,3,10,1.83,0.94,1.57,30,04,02,06,07,09,11,16,05,20,,
1116,297,A,3,11,1.77,0.92,1.52,30,04,02,06,07,09,11,29,16,05,20,
1117,298,A,3,11,1.92,1.02,1.63,30,04,02,06,07,09,11,29,16,05,20,
1118,299,A,3,11,1.92,1.02,1.63,30,04,02,06,07,09,11,29,16,05,20,
1119,300,A,3,11,1.83,0.97,1.55,30,04,02,06,07,09,11,29,16,05,20,
1120,301,A,3,11,1.83,0.97,1.55,30,04,02,06,07,09,11,29,16,05,20,
1121,302,A,3,11,2.14,1.13,1.81,30,04,02,06,07,09,11,29,16,05,20,
1122,303,A,3,11,2.05,1.02,1.77,30,04,02,06,07,09,11,29,16,05,20,
1123,304,A,3,11,2.03,1.00,1.76,30,04,02,06,07,09,11,29,16,05,20,
1124,305,A,3,11,2.14,1.09,1.84,30,04,02,06,07,09,11,29,16,05,20,
1125,306,A,3,11,1.82,0.93,1.57,30,04,02,06,07,09,11,29,16,05,20,
1126,307,A,3,11,1.82,0.93,1.57,30,04,02,06,07,09,11,29,16,05,20,
1127,308,A,3,11,1.77,0.92,1.52,30,04,02,06,07,09,11,29,16,05,20,
1128,309,A,3,11,1.77,0.92,1.52,30,04,02,06,07,09,11,29,16,05,20,
1129,310,A,3,11,1.77,0.92,1.51,30,04,02,06,07,09,11,29,16,05,20,
1130,311,A,3,11,1.77,0.92,1.51,30,04,02,06,07,09,11,29,16,05,20,
1131,312,A,3,11,1.77,0.92,1.51,30,04,02,06,07,09,11,29,16,05,20,
1132,313,A,3,11,1.77,0.92,1.51,30,04,02,06,07,09,11,29,16,05,20,
1133,314,A,3,11,1.77,0.92,1.51,30,04,02,06,07,09,11,29,16,05,20,
1134,315,A,3,11,1.77,0.92,1.51,30,04,02,06,07,09,11,29,16,05,20,
1135,316,A,3,11,1.77,0.92,1.51,30,04,02,06,07,09,11,29,16,05,20,
1136,317,A,3,11,1.77,0.92,1.51,30,04,02,06,07,09,11,29,16,05,20,
1137,318,A,3,11,1.77,0.92,1.51,30,04,02,06,07,09,11,29,16,05,20,
1138,319,A,3,11,1.77,0.92,1.51,30,04,02,06,07,09,11,29,16,05,20,
1139,320,A,3,11,1.77,0.92,1.51,30,04,02,06,07,09,11,29,16,05,20,
1140,321,A,3,11,1.82,0.93,1.57,30,04,02,06,07,09,11,29,16,05,20,
1141,322,A,3,11,1.79,0.94,1.52,30,04,02,06,07,09,11,29,16,05,20,
1142,323,A,3,11,1.82,0.93,1.57,30,04,02,06,07,09,11,29,16,05,20,
1143,324,A,3,11,1.82,0.93,1.57,30,04,02,06,07,09,11,29,16,05,20,
1144,325,A,3,11,1.82,0.93,1.57,30,04,02,06,07,09,11,29,16,05,20,
1145,326,A,3,11,1.82,0.93,1.57,30,04,02,06,07,09,11,29,16,05,20,
1146,327,A,3,11,1.82,0.93,1.57,30,04,02,06,07,09,11,29,16,05,20,
1147,328,A,3,11,1.77,0.92,1.51,30,04,02,06,07,09,11,29,16,05,20,
1148,329,A,3,11,1.77,0.92,1.51,30,04,02,06,07,09,11,29,16,05,20,
1149,330,A,3,11,1.77,0.92,1.51,30,04,02,06,07,09,11,29,16,05,20,
1150,331,A,3,11,1.76,0.92,1.51,30,04,02,06,07,09,11,29,16,05,20,
1151,332,A,3,11,1.76,0.92,1.51,30,04,02,06,07,09,11,29,16,05,20,
1152,333,A,3,11,1.76,0.92,1.51,30,04,02,06,07,09,11,29,16,05,20,
1153,334,A,3,11,1.80,0.94,1.53,30,04,02,06,07,09,11,29,16,05,20,
1154,335,A,3,11,1.76,0.92,1.51,30,04,02,06,07,09,11,29,16,05,20,
1155,336,A,3,11,1.79,0.94,1.53,30,04,02,06,07,09,11,29,16,05,20,
1156,337,A,3,11,1.76,0.92,1.51,30,04,02,06,07,09,11,29,16,05,20,
1157,338,A,3,11,1.90,0.98,1.63,30,04,02,06,07,09,11,29,16,05,20,
1158,339,A,3,10,2.00,1.03,1.71,30,02,06,07,09,11,29,16,05,20,,
1159,340,A,3,10,2.00,1.03,1.71,30,02,06,07,09,11,29,16,05,20,,
1160,341,A,3,10,2.06,1.07,1.76,30,02,06,07,09,11,29,16,05,20,,
1161,342,A,3,10,1.93,1.02,1.64,30,02,06,07,09,11,29,16,05,20,,
1162,343,A,3,9,2.54,1.68,1.90,30,02,06,07,09,11,29,05,20,,,
1163,344,A,3,10,1.93,1.02,1.64,30,02,06,07,09,11,29,16,05,20,,
1164,345,A,3,9,2.76,1.75,2.13,30,02,06,07,09,11,29,05,20,,,
1165,346,A,3,9,2.54,1.68,1.90,30,02,06,07,09,11,29,05,20,,,
1166,347,A,3,10,2.06,1.07,1.76,30,02,06,07,09,11,29,16,05,20,,
1167,348,A,3,11,1.93,1.02,1.64,30,04,02,06,07,09,11,29,16,05,20,
1168,349,A,3,11,1.83,0.99,1.54,30,04,02,06,07,09,11,29,16,05,20,
1169,350,A,3,10,2.00,1.03,1.71,30,02,06,07,09,11,29,16,05,20,,
1170,352,A,3,11,1.96,1.05,1.65,30,04,02,06,07,09,11,29,16,05,20,
1171,353,A,3,11,1.89,0.98,1.62,30,04,02,06,07,09,11,29,16,05,20,
1172,354,A,3,11,1.75,0.91,1.50,30,04,02,06,07,09,11,29,16,05,20,
1173,355,A,3,11,1.93,1.02,1.64,30,04,02,06,07,09,11,29,16,05,20,
1174,356,A,3,11,2.28,1.25,1.90,30,04,02,06,07,09,11,29,16,05,20,
1175,357,A,3,11,1.80,0.96,1.52,30,04,02,06,07,09,11,29,16,05,20,
1176,358,A,3,11,1.85,0.99,1.57,30,04,02,06,07,09,11,29,16,05,20,
1177,359,A,3,11,1.79,0.93,1.53,30,04,02,06,07,09,11,29,16,05,20,
1178,360,A,3,11,1.75,0.91,1.50,30,04,02,06,07,09,11,29,16,05,20,
1179,361,A,3,11,3.65,2.95,2.14,30,04,02,06,07,09,11,29,16,05,20,
1180,362,A,3,11,2.54,1.68,1.90,30,04,02,06,07,09,11,29,16,05,20,
1181,363,A,3,11,2.02,1.09,1.70,30,04,02,06,07,09,11,29,16,05,20,
1182,364,A,3,10,1.86,1.03,1.55,04,02,06,07,09,11,29,16,05,20,,
1183,365,A,3,11,1.75,0.91,1.49,30,04,02,06,07,09,11,29,16,05,20,
1184,366,A,3,11,1.75,0.91,1.49,30,04,02,06,07,09,11,29,16,05,20,
1185,367,A,3,11,1.75,0.91,1.49,30,04,02,06,07,09,11,29,16,05,20,
1186,368,A,3,11,1.75,0.91,1.49,30,04,02,06,07,09,11,29,16,05,20,
1187,369,A,3,11,1.75,0.91,1.49,30,04,02,06,07,09,11,29,16,05,20,
1188,370,A,3,10,1.79,0.96,1.51,30,04,02,06,07,09,11,29,05,20,,
1189,371,A,3,11,1.74,0.91,1.49,30,04,02,06,07,09,11,29,16,05,20,
1190,372,A,3,11,1.74,0.91,1.49,30,04,02,06,07,09,11,29,16,05,20,
1191,373,A,3,10,1.93,1.02,1.64,30,02,06,07,09,11,29,16,05,20,,
1192,374,A,3,11,1.74,0.91,1.49,30,04,02,06,07,09,11,29,16,05,20,
1193,375,A,3,11,1.74,0.91,1.49,30,04,02,06,07,09,11,29,16,05,20,
1194,376,A,3,11,1.74,0.91,1.49,30,04,02,06,07,09,11,29,16,05,20,
1195,377,A,3,11,1.74,0.91,1.49,30,04,02,06,07,09,11,29,16,05,20,
1196,378,A,3,9,2.00,1.02,1.72,30,02,06,07,09,11,16,05,20,,,
1197,379,A,3,10,1.93,1.02,1.64,30,02,06,07,09,11,29,16,05,20,,
1198,380,A,3,11,1.95,1.04,1.64,30,04,02,06,07,09,11,29,16,05,20,
1199,381,A,3,11,1.80,0.92,1.55,30,04,02,06,07,09,11,29,16,05,20,
1200,382,A,3,11,1.76,0.93,1.49,30,04,02,06,07,09,11,29,16,05,20,
1201,383,A,3,11,1.80,0.92,1.55,30,04,02,06,07,09,11,29,16,05,20,
1202,384,A,3,11,2.05,1.16,1.70,30,04,02,06,07,09,11,29,16,05,20,
1203,385,A,3,11,1.74,0.91,1.48,30,04,02,06,07,09,11,29,16,05,20,
1204,386,A,3,10,2.04,1.13,1.69,30,04,02,07,09,11,29,16,05,20,,
1205,387,A,3,10,2.04,1.13,1.69,30,04,02,07,09,11,29,16,05,20,,
1206,388,A,3,10,2.04,1.13,1.70,30,04,02,07,09,11,29,16,05,20,,
1207,389,A,3,11,1.73,0.90,1.48,30,04,02,06,07,09,11,29,16,05,20,
1208,390,A,3,10,1.93,1.02,1.64,30,02,06,07,09,11,29,16,05,20,,
1209,391,A,3,11,1.93,1.02,1.64,30,04,02,06,07,09,11,29,16,05,20,
1210,392,A,3,10,1.95,1.05,1.64,30,02,06,07,09,11,29,16,05,20,,
1211,393,A,3,11,1.94,1.01,1.66,30,04,02,06,07,09,11,29,16,05,20,
1212,394,A,3,11,1.73,0.90,1.47,30,04,02,06,07,09,11,29,16,05,20,
1213,395,A,3,11,1.95,1.03,1.65,30,04,02,06,07,09,11,29,16,05,20,
1214,396,A,3,11,1.95,1.03,1.65,30,04,02,06,07,09,11,29,16,05,20,
1215,397,A,3,11,1.95,1.03,1.65,30,04,02,06,07,09,11,29,16,05,20,
1216,398,A,3,11,1.95,1.03,1.65,30,04,02,06,07,09,11,29,16,05,20,
1217,399,A,3,11,1.98,1.10,1.65,30,04,02,06,07,09,11,29,16,05,20,
1218,400,A,3,11,1.72,0.90,1.47,30,04,02,06,07,09,11,29,16,05,20,
1219,401,A,3,11,1.85,0.98,1.57,30,04,02,06,07,09,11,29,16,05,20,
1220,402,A,3,11,1.72,0.90,1.47,30,04,02,06,07,09,11,29,16,05,20,
1221,403,A,3,11,1.74,0.93,1.48,30,04,02,06,07,09,11,29,16,05,20,
1222,404,A,3,11,1.74,0.93,1.48,30,04,02,06,07,09,11,29,16,05,20,
1223,405,A,3,11,1.72,0.90,1.47,30,04,02,06,07,09,11,29,16,05,20,
1224,406,A,3,11,1.72,0.90,1.46,30,04,02,06,07,09,11,29,16,05,20,
1225,407,A,3,11,1.72,0.90,1.46,30,04,02,06,07,09,11,29,16,05,20,
1226,408,A,3,11,1.72,0.90,1.46,30,04,02,06,07,09,11,29,16,05,20,
1227,409,A,3,11,1.72,0.90,1.46,30,04,02,06,07,09,11,29,16,05,20,
1228,410,A,3,11,1.74,0.92,1.48,30,04,02,06,07,09,11,29,16,05,20,
1229,411,A,3,11,1.74,0.92,1.48,30,04,02,06,07,09,11,29,16,05,20,
1230,412,A,3,11,1.72,0.90,1.46,30,04,02,06,07,09,11,29,16,05,20,
1231,413,A,3,11,1.71,0.90,1.46,30,04,02,06,07,09,11,29,16,05,20,
1232,414,A,3,11,1.71,0.90,1.46,30,04,02,06,07,09,11,29,16,05,20,
1233,415,A,3,11,1.71,0.90,1.46,30,04,02,06,07,09,11,29,16,05,20,
1234,416,A,3,11,1.92,1.01,1.63,30,04,02,06,07,09,11,29,16,05,20,
1235,417,A,3,10,1.92,1.01,1.63,30,02,06,07,09,11,29,16,05,20,,
1236,418,A,3,11,1.71,0.90,1.46,30,04,02,06,07,09,11,29,16,05,20,
1237,419,A,3,11,1.78,0.91,1.53,30,04,02,06,07,09,11,29,16,05,20,
1238,420,A,3,11,1.71,0.90,1.45,30,04,02,06,07,09,11,29,16,05,20,
1239,421,A,3,11,1.71,0.90,1.45,30,04,02,06,07,09,11,29,16,05,20,
1240,422,A,3,11,1.71,0.90,1.45,30,04,02,06,07,09,11,29,16,05,20,
1241,423,A,3,10,1.94,1.05,1.63,30,02,06,07,09,11,29,16,05,20,,
1242,424,A,3,10,1.92,1.01,1.63,30,02,06,07,09,11,29,16,05,20,,
1243,425,A,3,10,1.92,1.01,1.63,30,02,06,07,09,11,29,16,05,20,,
1244,426,A,3,11,1.70,0.90,1.45,30,04,02,06,07,09,11,29,16,05,20,
1245,427,A,3,11,1.83,0.98,1.55,30,04,02,06,07,09,11,29,16,05,20,
1246,428,A,3,11,1.88,0.99,1.61,30,04,02,06,07,09,11,29,16,05,20,
1247,429,A,3,9,2.60,1.73,1.94,30,02,06,07,09,11,29,05,20,,,
1248,430,A,3,10,1.99,1.02,1.72,30,02,06,07,09,11,29,16,05,20,,
1249,431,A,3,10,1.91,1.01,1.62,30,02,06,07,09,11,29,16,05,20,,
1250,432,A,3,10,2.25,1.22,1.88,30,02,06,07,09,11,29,16,05,20,,
1251,433,A,3,10,2.25,1.22,1.88,30,02,06,07,09,11,29,16,05,20,,
1252,434,A,3,10,1.91,1.01,1.62,30,02,06,07,09,11,29,16,05,20,,
1253,435,A,3,9,2.01,1.09,1.69,30,02,06,07,11,29,16,05,20,,,
1254,436,A,3,10,1.91,1.01,1.62,30,02,06,07,09,11,29,16,05,20,,
1255,437,A,3,11,1.91,1.01,1.62,30,04,02,06,07,09,11,29,16,05,20,
1256,438,A,3,11,1.96,1.04,1.66,30,04,02,06,07,09,11,29,16,05,20,
1257,439,A,3,10,1.93,1.04,1.62,30,02,06,07,09,11,29,16,05,20,,
1258,440,A,3,10,1.91,1.01,1.62,30,02,06,07,09,11,29,16,05,20,,
1259,441,A,3,11,1.91,1.01,1.62,30,04,02,06,07,09,11,29,16,05,20,
1260,442,A,3,11,1.69,0.89,1.44,30,04,02,06,07,09,11,29,16,05,20,
1261,443,A,3,11,1.69,0.89,1.43,30,04,02,06,07,09,11,29,16,05,20,
1262,444,A,3,11,1.69,0.89,1.43,30,04,02,06,07,09,11,29,16,05,20,
1263,445,A,3,11,1.69,0.89,1.43,30,04,02,06,07,09,11,29,16,05,20,
1264,446,A,3,10,1.99,1.01,1.71,30,02,06,07,09,11,29,16,05,20,,
1265,447,A,3,10,2.03,1.05,1.74,30,02,06,07,09,11,29,16,05,20,,
1266,448,A,3,10,2.67,1.26,2.36,30,02,06,07,09,11,29,16,05,20,,
1267,449,A,3,10,2.53,1.31,2.17,30,02,06,07,09,11,29,16,05,20,,
1268,450,A,3,10,2.06,1.10,1.74,30,02,06,07,09,11,29,16,05,20,,
1269,451,A,3,11,2.02,1.12,1.68,30,04,02,06,07,09,11,29,16,05,20,
1270,452,A,3,11,1.68,0.89,1.43,30,04,02,06,07,09,11,29,16,05,20,
1271,453,A,3,10,1.96,0.92,1.73,30,04,02,06,09,11,29,16,05,20,,
1272,454,A,3,10,1.86,1.03,1.55,04,02,06,07,09,11,29,16,05,20,,
1273,455,A,3,11,1.75,0.91,1.50,30,04,02,06,07,09,11,29,16,05,20,
1274,456,A,3,10,1.90,1.00,1.61,30,02,06,07,09,11,29,16,05,20,,
1275,457,A,3,10,1.90,1.00,1.61,30,02,06,07,09,11,29,16,05,20,,
1276,458,A,3,11,1.75,0.91,1.50,30,04,02,06,07,09,11,29,16,05,20,
1277,459,A,3,11,2.04,1.07,1.74,30,04,02,06,07,09,11,29,16,05,20,
1278,460,A,3,11,1.81,0.97,1.53,30,04,02,06,07,09,11,29,16,05,20,
1279,461,A,3,11,2.06,1.01,1.80,30,04,02,06,07,09,11,29,16,05,20,
1280,462,A,3,11,1.83,0.98,1.55,30,04,02,06,07,09,11,29,16,05,20,
1281,463,A,3,11,1.76,0.93,1.50,30,04,02,06,07,09,11,29,16,05,20,
1282,464,A,3,11,1.80,0.97,1.52,30,04,02,06,07,09,11,29,16,05,20,
1283,465,A,3,11,1.74,0.90,1.49,30,04,02,06,07,09,11,29,16,05,20,
1284,466,A,3,11,1.74,0.90,1.49,30,04,02,06,07,09,11,29,16,05,20,
1285,467,A,3,11,1.67,0.88,1.41,30,04,02,06,07,09,11,29,16,05,20,
1286,468,A,3,11,1.66,0.88,1.41,30,04,02,06,07,09,11,29,16,05,20,
1287,469,A,3,10,1.98,1.01,1.70,30,02,06,07,09,11,29,16,05,20,,
1288,470,A,3,11,1.91,0.99,1.63,30,04,02,06,07,09,11,29,16,05,20,
1289,471,A,3,11,1.80,1.01,1.49,30,04,02,06,07,09,11,29,16,05,20,
1290,472,A,3,11,1.70,0.95,1.41,30,04,02,06,07,09,11,29,16,05,20,
1291,473,A,3,10,1.92,0.95,1.67,30,04,02,06,07,09,11,29,16,05,,
1292,474,A,3,11,2.05,1.15,1.69,30,04,02,06,07,09,11,29,16,05,20,
1293,475,A,3,11,1.73,0.90,1.48,30,04,02,06,07,09,11,29,16,05,20,
1294,476,A,3,11,2.97,1.76,2.39,30,04,02,06,07,09,11,29,16,05,20,
1295,477,A,3,11,2.35,1.14,2.06,30,04,02,06,07,09,11,29,16,05,20,
1296,478,A,3,11,1.65,0.88,1.40,30,04,02,06,07,09,11,29,16,05,20,
1297,479,A,3,11,1.65,0.88,1.40,30,04,02,06,07,09,11,29,16,05,20,
1298,480,A,3,11,3.32,1.64,2.89,30,04,02,06,07,09,11,29,16,05,20,
1299,481,A,3,11,2.35,1.14,2.05,30,04,02,06,07,09,11,29,16,05,20,
1300,482,A,3,11,2.35,1.14,2.05,30,04,02,06,07,09,11,29,16,05,20,
1301,483,A,3,11,2.47,1.25,2.13,30,04,02,06,07,09,11,29,16,05,20,
1302,484,A,3,11,1.91,0.95,1.66,30,04,02,06,07,09,11,29,16,05,20,
1303,485,A,3,11,1.91,0.95,1.65,30,04,02,06,07,09,11,29,16,05,20,
1304,486,A,3,11,1.90,0.95,1.65,30,04,02,06,07,09,11,29,16,05,20,
1305,487,A,3,11,1.96,0.97,1.71,30,04,02,06,07,09,11,29,16,05,20,
1306,488,A,3,11,2.34,1.14,2.04,30,04,02,06,07,09,11,29,16,05,20,
1307,489,A,3,11,1.90,0.94,1.65,30,04,02,06,07,09,11,29,16,05,20,
1308,490,A,3,10,2.34,1.14,2.04,30,02,06,07,09,11,29,16,05,20,,
1309,491,A,3,11,1.96,0.97,1.70,30,04,02,06,07,09,11,29,16,05,20,
1310,492,A,3,12,2.05,1.06,1.76,30,04,02,06,07,09,11,13,29,16,05,20
1311,493,A,3,12,1.66,0.86,1.42,30,04,02,06,07,09,11,13,29,16,05,20
1312,494,A,3,12,1.49,0.85,1.22,30,04,02,06,07,09,11,13,29,16,05,20
1313,495,A,3,11,1.69,0.89,1.43,30,04,02,06,07,09,11,13,29,16,05,
1314,496,A,3,12,2.20,1.30,1.77,30,04,02,06,07,09,11,13,29,16,05,20
1315,497,A,3,12,1.75,1.02,1.42,30,04,02,06,07,09,11,13,29,16,05,20
1316,498,A,3,12,1.73,0.96,1.44,30,04,02,06,07,09,11,13,29,16,05,20
1317,499,A,3,12,1.66,0.93,1.38,30,04,02,06,07,09,11,13,29,16,05,20
1318,500,A,3,12,2.20,1.23,1.82,30,04,02,06,07,09,11,13,29,16,05,20
1319,501,A,3,12,1.65,0.90,1.38,30,04,02,06,07,09,11,13,29,16,05,20
1320,502,A,3,10,1.59,0.95,1.28,30,04,02,07,09,13,29,16,05,20,,
1321,503,A,3,12,2.03,1.07,1.73,30,04,02,06,07,09,11,13,29,16,05,20
